{"type":"FeatureCollection", "features": [
{"type":"Feature","geometry":{"type":"Polygon","coordinates":[[[-80.3005,-1.3095],[-80.3263,-1.3044],[-80.35,-1.3156],[-80.3719,-1.3125],[-80.3789,-1.2865],[-80.3949,-1.275],[-80.4113,-1.2394],[-80.4051,-1.2248],[-80.4411,-1.2054],[-80.4743,-1.2184],[-80.5007,-1.218],[-80.4905,-1.2468],[-80.4964,-1.2746],[-80.4716,-1.283],[-80.4629,-1.3079],[-80.4744,-1.3288],[-80.4683,-1.3514],[-80.4494,-1.3704],[-80.4329,-1.369],[-80.4209,-1.389],[-80.4569,-1.4016],[-80.4513,-1.4292],[-80.4029,-1.4792],[-80.4034,-1.493],[-80.3934,-1.5348],[-80.3665,-1.5381],[-80.3561,-1.554],[-80.3281,-1.5473],[-80.3311,-1.5266],[-80.2768,-1.4841],[-80.2526,-1.4522],[-80.2799,-1.423],[-80.2661,-1.4131],[-80.266,-1.3826],[-80.2812,-1.367],[-80.2798,-1.3432],[-80.2983,-1.3226],[-80.3005,-1.3095]]]},"properties":{"ciudad":"24 de Mayo","provincia":"Manabí"}},
{"type":"Feature","geometry":{"type":"Polygon","coordinates":[[[-75.2629,-0.6551],[-75.2888,-0.6521],[-75.2845,-0.6246],[-75.3063,-0.6307],[-75.3223,-0.6178],[-75.3466,-0.6208],[-75.3686,-0.602],[-75.3812,-0.6087],[-75.3956,-0.5918],[-75.4,-0.5687],[-75.4255,-0.5656],[-75.4391,-0.5544],[-75.4651,-0.547],[-75.4857,-0.5582],[-75.4974,-0.5453],[-75.5124,-0.5562],[-75.5356,-0.5445],[-75.5607,-0.5413],[-75.5592,-0.5235],[-75.5739,-0.5191],[-75.5713,-0.4973],[-75.5922,-0.4923],[-75.6244,-0.4747],[-75.6365,-0.4729],[-75.6527,-0.4522],[-75.7007,-0.4727],[-75.7178,-0.466],[-75.7233,-0.4425],[-75.748,-0.4198],[-75.8261,-0.4377],[-75.8557,-0.418],[-75.8753,-0.4179],[-75.9461,-0.5387],[-75.9473,-0.549],[-75.9302,-0.5685],[-75.9734,-0.5622],[-76.0021,-0.5467],[-76.002,-0.7064],[-76.0261,-0.6976],[-76.0225,-0.6682],[-76.0301,-0.655],[-76.0546,-0.6428],[-76.075,-0.6454],[-76.0884,-0.6321],[-76.1121,-0.6314],[-76.1418,-0.6396],[-76.173,-0.6359],[-76.2265,-0.6638],[-76.2469,-0.6542],[-76.2737,-0.7018],[-76.2992,-0.7022],[-76.3188,-0.7169],[-76.3377,-0.7197],[-76.3547,-0.7071],[-76.3701,-0.7118],[-76.3925,-0.7314],[-76.4122,-0.7409],[-76.4348,-0.7803],[-76.4544,-0.7839],[-76.473,-0.7963],[-76.5468,-0.8002],[-76.5844,-0.8107],[-76.5853,-1.0673],[-76.563,-1.0594],[-76.548,-1.0685],[-76.5319,-1.0516],[-76.5141,-1.0694],[-76.5166,-1.1193],[-76.5277,-1.1606],[-76.521,-1.1755],[-76.5299,-1.192],[-76.5072,-1.2078],[-76.5008,-1.2199],[-76.4751,-1.2409],[-76.4666,-1.2578],[-76.4183,-1.2717],[-76.3959,-1.2536],[-76.392,-1.2669],[-76.3569,-1.2807],[-76.3284,-1.3062],[-76.3184,-1.303],[-76.2888,-1.3145],[-76.2631,-1.2972],[-76.2332,-1.2996],[-76.2207,-1.2861],[-76.21,-1.2973],[-76.1774,-1.2887],[-76.1592,-1.3013],[-76.1368,-1.2759],[-76.1135,-1.2725],[-76.09,-1.2816],[-76.0822,-1.2964],[-76.0443,-1.2984],[-76.0403,-1.3091],[-76.0022,-1.3115],[-75.9835,-1.3352],[-75.9326,-1.3621],[-75.9197,-1.353],[-75.893,-1.3501],[-75.8806,-1.3567],[-75.8457,-1.3565],[-75.8441,-1.374],[-75.816,-1.3899],[-75.801,-1.4043],[-75.749,-1.4073],[-75.7282,-1.4401],[-75.7002,-1.4658],[-75.6749,-1.4686],[-75.6601,-1.4841],[-75.6233,-1.5011],[-75.6107,-1.494],[-75.5957,-1.5065],[-75.5804,-1.547],[-75.5559,-1.5494],[-75.3867,-0.9301],[-75.3763,-0.9218],[-75.3454,-0.9483],[-75.3323,-0.9728],[-75.3193,-0.9731],[-75.3064,-0.9876],[-75.2933,-0.9875],[-75.2795,-0.9744],[-75.2572,-0.9719],[-75.2013,-0.9795],[-75.199,-0.9595],[-75.2251,-0.945],[-75.2338,-0.9325],[-75.2212,-0.9057],[-75.2215,-0.8731],[-75.231,-0.8556],[-75.2438,-0.8509],[-75.2518,-0.8318],[-75.2418,-0.7987],[-75.2689,-0.7864],[-75.2541,-0.7649],[-75.2705,-0.75],[-75.277,-0.7184],[-75.2513,-0.7005],[-75.274,-0.6708],[-75.2629,-0.6551]]]},"properties":{"ciudad":"Aguarico","provincia":"Orellana"}},
{"type":"Feature","geometry":{"type":"Polygon","coordinates":[[[-78.8952,-2.1049],[-78.9072,-2.1127],[-78.9485,-2.118],[-78.9656,-2.1086],[-78.9795,-2.0906],[-79.0033,-2.0828],[-79.0238,-2.0861],[-79.0363,-2.1259],[-79.0466,-2.1373],[-79.03,-2.1503],[-79.0199,-2.1806],[-78.9832,-2.2063],[-79.001,-2.2281],[-79.0474,-2.2588],[-79.0716,-2.2851],[-79.0901,-2.2784],[-79.0617,-2.3002],[-79.043,-2.3402],[-79.0044,-2.3298],[-78.9792,-2.3368],[-78.949,-2.3175],[-78.9664,-2.2777],[-78.951,-2.2679],[-78.9167,-2.2646],[-78.8976,-2.253],[-78.8828,-2.2707],[-78.8648,-2.2411],[-78.8299,-2.2396],[-78.8313,-2.2642],[-78.8432,-2.2894],[-78.8392,-2.3135],[-78.8078,-2.3365],[-78.8052,-2.3518],[-78.8135,-2.3772],[-78.7918,-2.385],[-78.7984,-2.4163],[-78.7834,-2.4351],[-78.7731,-2.4291],[-78.7489,-2.4407],[-78.7163,-2.4263],[-78.6998,-2.4482],[-78.6607,-2.4521],[-78.6691,-2.469],[-78.6393,-2.5065],[-78.6291,-2.5084],[-78.6002,-2.5402],[-78.5783,-2.5468],[-78.5695,-2.5587],[-78.5564,-2.5601],[-78.5392,-2.5675],[-78.5122,-2.5417],[-78.5045,-2.5213],[-78.4977,-2.5033],[-78.4845,-2.4653],[-78.4845,-2.4368],[-78.4782,-2.4171],[-78.4904,-2.3972],[-78.4851,-2.3657],[-78.5246,-2.3546],[-78.5359,-2.3415],[-78.5613,-2.3259],[-78.5811,-2.3289],[-78.5767,-2.3054],[-78.5459,-2.3001],[-78.5361,-2.2787],[-78.5419,-2.2481],[-78.5317,-2.2424],[-78.5599,-2.2233],[-78.577,-2.2224],[-78.572,-2.2033],[-78.6102,-2.2021],[-78.6236,-2.1851],[-78.6324,-2.1987],[-78.6512,-2.1905],[-78.6785,-2.1919],[-78.6823,-2.1798],[-78.6709,-2.1567],[-78.69,-2.1568],[-78.7066,-2.1427],[-78.7137,-2.12],[-78.731,-2.1148],[-78.7421,-2.0885],[-78.7631,-2.0993],[-78.7938,-2.1305],[-78.8077,-2.1148],[-78.8418,-2.0994],[-78.8633,-2.1213],[-78.8952,-2.1049]]]},"properties":{"ciudad":"Alausi","provincia":"Chimborazo"}},
{"type":"Feature","geometry":{"type":"Polygon","coordinates":[[[-79.4451,-1.9347],[-79.4854,-1.9011],[-79.4888,-1.8842],[-79.5413,-1.8823],[-79.5632,-1.8875],[-79.5641,-1.8985],[-79.5972,-1.908],[-79.6033,-1.9042],[-79.6322,-1.9204],[-79.6478,-1.9235],[-79.6478,-1.9279],[-79.6443,-1.9641],[-79.639,-1.9746],[-79.6044,-1.9882],[-79.5744,-2.0195],[-79.5589,-2.0289],[-79.5198,-1.9672],[-79.5255,-2.0062],[-79.5206,-2.0131],[-79.5044,-1.9979],[-79.4764,-1.9835],[-79.4451,-1.9347]]]},"properties":{"ciudad":"Alfredo Baquerizo Moreno (Juján)","provincia":"Guayas"}},
{"type":"Feature","geometry":{"type":"Polygon","coordinates":[[[-78.5658,-1.123],[-78.5694,-1.1271],[-78.6078,-1.1153],[-78.6604,-1.1457],[-78.6901,-1.1513],[-78.7259,-1.1472],[-78.7459,-1.1324],[-78.7895,-1.1433],[-78.8221,-1.1461],[-78.8315,-1.1716],[-78.8621,-1.1914],[-78.8929,-1.2218],[-78.8875,-1.2621],[-78.8933,-1.2842],[-78.9216,-1.3411],[-78.9379,-1.3548],[-78.9266,-1.3754],[-78.9292,-1.4021],[-78.9164,-1.41],[-78.9091,-1.4314],[-78.8789,-1.4625],[-78.8514,-1.4705],[-78.8293,-1.4562],[-78.8103,-1.4514],[-78.7789,-1.4306],[-78.7687,-1.434],[-78.7552,-1.4074],[-78.7402,-1.4014],[-78.7234,-1.3834],[-78.7194,-1.3671],[-78.6711,-1.3216],[-78.6419,-1.3444],[-78.6308,-1.3429],[-78.5963,-1.3243],[-78.5909,-1.3047],[-78.5572,-1.2596],[-78.5509,-1.2366],[-78.5373,-1.2333],[-78.5377,-1.2225],[-78.5659,-1.2006],[-78.5742,-1.1629],[-78.5659,-1.1563],[-78.5709,-1.1358],[-78.5658,-1.123]]]},"properties":{"ciudad":"Ambato","provincia":"Tungurahua"}},
{"type":"Feature","geometry":{"type":"Polygon","coordinates":[[[-78.1805,0.2543],[-78.1767,0.2762],[-78.1906,0.3092],[-78.1817,0.3278],[-78.1782,0.3591],[-78.1512,0.3569],[-78.1473,0.3796],[-78.1341,0.4019],[-78.1528,0.3918],[-78.1681,0.3961],[-78.199,0.375],[-78.215,0.3723],[-78.235,0.3579],[-78.2461,0.3233],[-78.2444,0.3053],[-78.2412,0.2909],[-78.2158,0.2783],[-78.197,0.2752],[-78.1805,0.2543]]]},"properties":{"ciudad":"Antonio Ante","provincia":"Imbabura"}},
{"type":"Feature","geometry":{"type":"Polygon","coordinates":[[[-76.5853,-1.0673],[-76.6054,-1.0717],[-76.6149,-1.0648],[-76.6527,-1.0567],[-76.6875,-1.0777],[-76.7191,-1.0867],[-76.7272,-1.1056],[-76.7739,-1.0911],[-76.8032,-1.1108],[-76.83,-1.1102],[-76.8347,-1.1598],[-76.8552,-1.1625],[-76.8859,-1.1425],[-76.8908,-1.1313],[-76.9314,-1.1206],[-76.9554,-1.1215],[-76.9753,-1.1032],[-76.9918,-1.096],[-77.0417,-1.0995],[-77.0593,-1.0878],[-77.0759,-1.0681],[-77.0918,-1.0361],[-77.0913,-1.0237],[-77.0693,-1.019],[-77.0613,-1.0082],[-77.0829,-1.0124],[-77.1078,-1.0077],[-77.1418,-1.02],[-77.1658,-1.0178],[-77.1977,-1.0252],[-77.225,-1.0245],[-77.2346,-1.0517],[-77.2609,-1.0527],[-77.2998,-1.0611],[-77.3205,-1.0724],[-77.3512,-1.0712],[-77.3516,-1.102],[-77.3919,-1.0836],[-77.4159,-1.0844],[-77.4416,-1.0777],[-77.4564,-1.0999],[-77.4851,-1.105],[-77.5059,-1.1209],[-77.5268,-1.1246],[-77.5606,-1.1588],[-77.5958,-1.1235],[-77.6155,-1.1485],[-77.6384,-1.1455],[-77.6454,-1.134],[-77.6658,-1.1479],[-77.6858,-1.1379],[-77.6959,-1.1431],[-77.714,-1.1727],[-77.7318,-1.1659],[-77.7424,-1.1841],[-77.7419,-1.1987],[-77.7534,-1.2219],[-77.7897,-1.2548],[-77.7902,-1.2816],[-77.797,-1.2888],[-77.8054,-1.3223],[-77.7759,-1.3637],[-77.7541,-1.3444],[-77.7344,-1.3405],[-77.7336,-1.3696],[-77.7228,-1.3829],[-77.7236,-1.3992],[-77.707,-1.4147],[-77.7072,-1.4328],[-77.72,-1.4488],[-77.7185,-1.4668],[-77.7036,-1.4785],[-77.6832,-1.463],[-77.676,-1.4704],[-77.6381,-1.4776],[-77.6015,-1.4788],[-77.5652,-1.4939],[-77.5549,-1.4871],[-77.529,-1.4915],[-77.507,-1.5085],[-77.4854,-1.5063],[-77.4666,-1.4832],[-77.4514,-1.4912],[-77.4202,-1.496],[-77.3818,-1.5109],[-77.346,-1.5134],[-77.3343,-1.4971],[-77.3219,-1.5067],[-77.2938,-1.5139],[-77.2395,-1.4743],[-77.2014,-1.4823],[-77.1698,-1.4722],[-77.1387,-1.4473],[-77.1015,-1.4361],[-77.0811,-1.4408],[-77.0679,-1.423],[-77.0526,-1.4159],[-77.0246,-1.4177],[-76.9958,-1.4011],[-76.9686,-1.4012],[-76.9426,-1.3851],[-76.9075,-1.3904],[-76.8917,-1.4107],[-76.85,-1.4268],[-76.8058,-1.426],[-76.7859,-1.437],[-76.7313,-1.444],[-76.7084,-1.4537],[-76.6785,-1.4578],[-76.6821,-1.4695],[-76.6572,-1.4746],[-76.6254,-1.4994],[-76.5957,-1.4943],[-76.5692,-1.4995],[-76.5646,-1.5118],[-76.5442,-1.5184],[-76.5107,-1.542],[-76.4873,-1.5381],[-76.4823,-1.5493],[-76.4571,-1.5587],[-76.4463,-1.5703],[-76.4315,-1.5578],[-76.4201,-1.5709],[-76.4011,-1.5683],[-76.3911,-1.5763],[-76.3676,-1.576],[-76.3176,-1.5874],[-76.2931,-1.6052],[-76.2952,-1.6223],[-76.2801,-1.6299],[-76.2527,-1.622],[-76.2098,-1.6412],[-76.2026,-1.6158],[-76.1793,-1.6241],[-76.1938,-1.6465],[-76.1748,-1.6524],[-76.1528,-1.6497],[-76.1567,-1.6829],[-76.1315,-1.6856],[-76.1219,-1.6762],[-76.1423,-1.6542],[-76.118,-1.6457],[-76.0863,-1.6424],[-76.0497,-1.6447],[-76.0366,-1.6218],[-76.0129,-1.6169],[-76.007,-1.6056],[-75.9874,-1.6048],[-75.9698,-1.618],[-75.9515,-1.6503],[-75.934,-1.6609],[-75.9234,-1.6797],[-75.91,-1.6722],[-75.8898,-1.6735],[-75.873,-1.6665],[-75.8567,-1.6446],[-75.8373,-1.6463],[-75.8143,-1.6395],[-75.7925,-1.6577],[-75.7644,-1.6556],[-75.7334,-1.6376],[-75.7248,-1.6201],[-75.6916,-1.6064],[-75.6756,-1.5839],[-75.6512,-1.5902],[-75.6166,-1.5889],[-75.5804,-1.547],[-75.5957,-1.5065],[-75.6107,-1.494],[-75.6233,-1.5011],[-75.6601,-1.4841],[-75.6749,-1.4686],[-75.7002,-1.4658],[-75.7282,-1.4401],[-75.749,-1.4073],[-75.801,-1.4043],[-75.816,-1.3899],[-75.8441,-1.374],[-75.8457,-1.3565],[-75.8806,-1.3567],[-75.893,-1.3501],[-75.9197,-1.353],[-75.9326,-1.3621],[-75.9835,-1.3352],[-76.0022,-1.3115],[-76.0403,-1.3091],[-76.0443,-1.2984],[-76.0822,-1.2964],[-76.09,-1.2816],[-76.1135,-1.2725],[-76.1368,-1.2759],[-76.1592,-1.3013],[-76.1774,-1.2887],[-76.21,-1.2973],[-76.2207,-1.2861],[-76.2332,-1.2996],[-76.2631,-1.2972],[-76.2888,-1.3145],[-76.3184,-1.303],[-76.3284,-1.3062],[-76.3569,-1.2807],[-76.392,-1.2669],[-76.3959,-1.2536],[-76.4183,-1.2717],[-76.4666,-1.2578],[-76.4751,-1.2409],[-76.5008,-1.2199],[-76.5072,-1.2078],[-76.5299,-1.192],[-76.521,-1.1755],[-76.5277,-1.1606],[-76.5166,-1.1193],[-76.5141,-1.0694],[-76.5319,-1.0516],[-76.548,-1.0685],[-76.563,-1.0594],[-76.5853,-1.0673]]]},"properties":{"ciudad":"Arajuno","provincia":"Pastaza"}},
{"type":"Feature","geometry":{"type":"Polygon","coordinates":[[[-77.6275,-0.5414],[-77.6423,-0.53],[-77.663,-0.5261],[-77.6991,-0.502],[-77.7118,-0.5026],[-77.7328,-0.4889],[-77.7446,-0.5139],[-77.7702,-0.5193],[-77.7808,-0.5388],[-77.7969,-0.5473],[-77.8095,-0.579],[-77.8078,-0.5959],[-77.8221,-0.6127],[-77.8562,-0.6354],[-77.8726,-0.6627],[-77.8863,-0.6435],[-77.9079,-0.6406],[-77.9134,-0.6592],[-77.9304,-0.6635],[-77.9504,-0.6445],[-77.9772,-0.6392],[-78.002,-0.6139],[-78.0335,-0.5994],[-78.0861,-0.607],[-78.1041,-0.588],[-78.1401,-0.6001],[-78.1799,-0.5703],[-78.1636,-0.5263],[-78.1624,-0.5098],[-78.146,-0.4977],[-78.1421,-0.4846],[-78.1834,-0.4605],[-78.2048,-0.4662],[-78.2363,-0.4551],[-78.2472,-0.4703],[-78.2555,-0.5029],[-78.2694,-0.5178],[-78.2663,-0.5325],[-78.2773,-0.5681],[-78.3011,-0.5772],[-78.3122,-0.5884],[-78.327,-0.6136],[-78.3213,-0.6256],[-78.3325,-0.6588],[-78.3552,-0.6698],[-78.3914,-0.6775],[-78.3985,-0.6986],[-78.4219,-0.7169],[-78.4009,-0.7319],[-78.3912,-0.75],[-78.3975,-0.7656],[-78.3886,-0.804],[-78.3489,-0.7929],[-78.3294,-0.7802],[-78.2823,-0.7635],[-78.2711,-0.7556],[-78.2497,-0.7646],[-78.2609,-0.8091],[-78.2491,-0.8342],[-78.2141,-0.8617],[-78.1729,-0.8648],[-78.1573,-0.8496],[-78.137,-0.8401],[-78.1009,-0.8507],[-78.0792,-0.8375],[-78.047,-0.857],[-78.0371,-0.89],[-78.0465,-0.9249],[-78.0383,-0.9401],[-78.0007,-0.9113],[-78.0125,-0.8983],[-78.0095,-0.875],[-77.9852,-0.8833],[-77.9764,-0.8974],[-77.9492,-0.8685],[-77.9188,-0.8612],[-77.8917,-0.8662],[-77.8745,-0.8792],[-77.8462,-0.9154],[-77.8185,-0.9134],[-77.8178,-0.9371],[-77.7546,-0.9712],[-77.6952,-0.9752],[-77.7001,-0.9379],[-77.7009,-0.8822],[-77.683,-0.8762],[-77.6853,-0.8557],[-77.6646,-0.8558],[-77.6321,-0.8678],[-77.6149,-0.8437],[-77.6057,-0.8416],[-77.6032,-0.8158],[-77.5846,-0.8024],[-77.5343,-0.8002],[-77.5427,-0.793],[-77.5284,-0.7418],[-77.5135,-0.728],[-77.4966,-0.702],[-77.5251,-0.6694],[-77.5246,-0.6491],[-77.5349,-0.6212],[-77.5761,-0.6127],[-77.588,-0.5957],[-77.5945,-0.568],[-77.6232,-0.5572],[-77.6275,-0.5414]]]},"properties":{"ciudad":"Archidona","provincia":"Napo"}},
{"type":"Feature","geometry":{"type":"Polygon","coordinates":[[[-80.0282,-3.4099],[-80.042,-3.3933],[-80.0583,-3.3954],[-80.0648,-3.4182],[-80.0982,-3.4246],[-80.1159,-3.4209],[-80.1309,-3.435],[-80.1285,-3.4469],[-80.1278,-3.4682],[-80.1514,-3.4683],[-80.2161,-3.5003],[-80.2085,-3.5492],[-80.2117,-3.5923],[-80.1894,-3.5985],[-80.1958,-3.6253],[-80.1878,-3.63],[-80.1871,-3.6704],[-80.1996,-3.6882],[-80.1853,-3.7157],[-80.1807,-3.739],[-80.1928,-3.7539],[-80.1929,-3.7741],[-80.1687,-3.7741],[-80.1525,-3.7674],[-80.1397,-3.7819],[-80.1235,-3.7818],[-80.1095,-3.7552],[-80.0931,-3.7432],[-80.0586,-3.7328],[-80.0402,-3.7226],[-79.9997,-3.712],[-79.9759,-3.7122],[-79.9646,-3.723],[-79.9535,-3.7063],[-79.9436,-3.6815],[-79.9306,-3.665],[-79.9447,-3.6156],[-79.9539,-3.5969],[-79.9909,-3.602],[-79.9782,-3.5744],[-80.0215,-3.5633],[-80.0316,-3.5346],[-80.0113,-3.481],[-80.0251,-3.4378],[-80.0282,-3.4099]]]},"properties":{"ciudad":"Arenillas","provincia":"El Oro"}},
{"type":"Feature","geometry":{"type":"Polygon","coordinates":[[[-79.8354,0.6324],[-79.8091,0.684],[-79.8066,0.7041],[-79.7881,0.7158],[-79.786,0.7359],[-79.7944,0.7473],[-79.783,0.7691],[-79.7619,0.7899],[-79.7597,0.8069],[-79.7465,0.8195],[-79.7552,0.8507],[-79.7447,0.8822],[-79.75,0.904],[-79.732,0.9233],[-79.745,0.9605],[-79.7805,0.9266],[-79.8079,0.8954],[-79.8677,0.8643],[-79.8814,0.8714],[-79.9043,0.8537],[-79.914,0.8552],[-79.9474,0.8296],[-79.9857,0.8177],[-79.9853,0.8113],[-80.0081,0.7722],[-80.0143,0.7323],[-79.9834,0.7413],[-79.9694,0.734],[-79.9453,0.7434],[-79.9212,0.6988],[-79.8957,0.6627],[-79.8598,0.6617],[-79.8407,0.6481],[-79.8354,0.6324]]]},"properties":{"ciudad":"Atacames","provincia":"Esmeraldas"}},
{"type":"Feature","geometry":{"type":"Polygon","coordinates":[[[-79.7399,-3.4642],[-79.765,-3.4622],[-79.7775,-3.4699],[-79.7917,-3.4914],[-79.8001,-3.5238],[-79.8304,-3.5187],[-79.839,-3.5301],[-79.8301,-3.5431],[-79.7969,-3.5664],[-79.7763,-3.5746],[-79.7841,-3.5896],[-79.8019,-3.5899],[-79.8162,-3.6153],[-79.8314,-3.6198],[-79.7946,-3.6363],[-79.7829,-3.619],[-79.7627,-3.6056],[-79.7557,-3.5875],[-79.7408,-3.5747],[-79.7131,-3.5801],[-79.692,-3.6419],[-79.6808,-3.6524],[-79.6528,-3.6416],[-79.6486,-3.6198],[-79.6185,-3.5744],[-79.6134,-3.5508],[-79.6008,-3.5408],[-79.6128,-3.5178],[-79.6344,-3.5038],[-79.6475,-3.5139],[-79.6923,-3.5099],[-79.7399,-3.4642]]]},"properties":{"ciudad":"Atahualpa","provincia":"El Oro"}},
{"type":"Feature","geometry":{"type":"Polygon","coordinates":[[[-78.7489,-2.4407],[-78.7526,-2.4684],[-78.7456,-2.5026],[-78.7535,-2.5125],[-78.7674,-2.5522],[-78.7667,-2.5892],[-78.7809,-2.6073],[-78.7871,-2.6383],[-78.8041,-2.6528],[-78.8405,-2.6449],[-78.8553,-2.63],[-78.8796,-2.6506],[-78.87,-2.7237],[-78.884,-2.7393],[-78.9054,-2.7474],[-78.8943,-2.7952],[-78.9139,-2.8033],[-78.9146,-2.8183],[-78.9282,-2.8315],[-78.9113,-2.8366],[-78.8808,-2.829],[-78.8744,-2.8243],[-78.8167,-2.8231],[-78.8226,-2.7991],[-78.7999,-2.7726],[-78.7926,-2.7345],[-78.8003,-2.7145],[-78.7698,-2.6731],[-78.7486,-2.6751],[-78.7317,-2.6907],[-78.7059,-2.6869],[-78.6852,-2.6679],[-78.6663,-2.676],[-78.6586,-2.657],[-78.6364,-2.648],[-78.617,-2.629],[-78.6254,-2.607],[-78.6225,-2.5941],[-78.5806,-2.5744],[-78.5695,-2.5587],[-78.5783,-2.5468],[-78.6002,-2.5402],[-78.6291,-2.5084],[-78.6393,-2.5065],[-78.6691,-2.469],[-78.6607,-2.4521],[-78.6998,-2.4482],[-78.7163,-2.4263],[-78.7489,-2.4407]]]},"properties":{"ciudad":"Azogues","provincia":"Cañar"}},
{"type":"Feature","geometry":{"type":"Polygon","coordinates":[[[-79.5997,-1.4496],[-79.6098,-1.4459],[-79.6566,-1.4765],[-79.6351,-1.4929],[-79.6527,-1.503],[-79.6595,-1.5414],[-79.6936,-1.5556],[-79.6734,-1.5978],[-79.678,-1.6439],[-79.7177,-1.6175],[-79.7296,-1.6228],[-79.7313,-1.652],[-79.7262,-1.6743],[-79.7521,-1.703],[-79.7482,-1.7385],[-79.7442,-1.7471],[-79.7485,-1.7871],[-79.7301,-1.8089],[-79.7315,-1.8401],[-79.6837,-1.88],[-79.6697,-1.9009],[-79.665,-1.8675],[-79.636,-1.8637],[-79.6249,-1.85],[-79.63,-1.8376],[-79.6261,-1.7921],[-79.6344,-1.7899],[-79.6187,-1.7337],[-79.5945,-1.7001],[-79.5982,-1.6639],[-79.5945,-1.6497],[-79.5771,-1.6295],[-79.5893,-1.6176],[-79.6339,-1.6233],[-79.6229,-1.5975],[-79.6135,-1.6032],[-79.5873,-1.5951],[-79.5789,-1.5737],[-79.5962,-1.5695],[-79.5994,-1.5416],[-79.587,-1.5234],[-79.5854,-1.4854],[-79.5786,-1.4652],[-79.5997,-1.4496]]]},"properties":{"ciudad":"Baba","provincia":"Los Ríos"}},
{"type":"Feature","geometry":{"type":"Polygon","coordinates":[[[-79.4451,-1.9347],[-79.4214,-1.9373],[-79.4008,-1.9675],[-79.3698,-1.9718],[-79.3528,-2.0092],[-79.3183,-2.0588],[-79.318,-2.0811],[-79.2711,-2.1038],[-79.269,-2.0933],[-79.2349,-2.1042],[-79.2285,-2.1172],[-79.2035,-2.1335],[-79.2032,-2.1114],[-79.2167,-2.0975],[-79.2091,-2.0745],[-79.2282,-2.041],[-79.2245,-2.026],[-79.243,-2.0121],[-79.2489,-1.9815],[-79.2609,-1.9626],[-79.2586,-1.9373],[-79.2589,-1.937],[-79.289,-1.8926],[-79.3296,-1.8923],[-79.3441,-1.8699],[-79.3603,-1.8702],[-79.3975,-1.8599],[-79.4196,-1.8598],[-79.457,-1.8206],[-79.4535,-1.8037],[-79.4363,-1.7913],[-79.4184,-1.7948],[-79.3891,-1.779],[-79.3852,-1.7553],[-79.3742,-1.7451],[-79.3509,-1.7472],[-79.3407,-1.7565],[-79.3051,-1.7393],[-79.3092,-1.697],[-79.2912,-1.6693],[-79.2885,-1.6546],[-79.3208,-1.66],[-79.3224,-1.6463],[-79.3467,-1.6461],[-79.3532,-1.6334],[-79.4126,-1.6188],[-79.4312,-1.6457],[-79.4552,-1.6566],[-79.4663,-1.6726],[-79.4896,-1.669],[-79.4988,-1.6945],[-79.5283,-1.6903],[-79.5477,-1.6767],[-79.5771,-1.6998],[-79.5945,-1.7001],[-79.6187,-1.7337],[-79.6344,-1.7899],[-79.6261,-1.7921],[-79.63,-1.8376],[-79.6249,-1.85],[-79.636,-1.8637],[-79.665,-1.8675],[-79.6697,-1.9009],[-79.6688,-1.9052],[-79.6478,-1.9235],[-79.6322,-1.9204],[-79.6033,-1.9042],[-79.5972,-1.908],[-79.5641,-1.8985],[-79.5632,-1.8875],[-79.5413,-1.8823],[-79.4888,-1.8842],[-79.4854,-1.9011],[-79.4451,-1.9347]]]},"properties":{"ciudad":"Babahoyo","provincia":"Los Ríos"}},
{"type":"Feature","geometry":{"type":"Polygon","coordinates":[[[-79.7932,-2.7903],[-79.8155,-2.7986],[-79.8124,-2.8205],[-79.8352,-2.8682],[-79.8554,-2.8936],[-79.8532,-2.9636],[-79.8495,-2.9769],[-79.8207,-2.9439],[-79.7969,-2.9524],[-79.788,-2.943],[-79.7717,-2.9706],[-79.7388,-2.9848],[-79.7259,-2.9792],[-79.6643,-2.9725],[-79.6451,-2.9898],[-79.6541,-2.9376],[-79.5945,-2.9021],[-79.6086,-2.8802],[-79.6152,-2.8585],[-79.6332,-2.8491],[-79.6723,-2.8227],[-79.6726,-2.8105],[-79.6965,-2.8079],[-79.7228,-2.8188],[-79.7553,-2.8143],[-79.7932,-2.7903]]]},"properties":{"ciudad":"Balao","provincia":"Guayas"}},
{"type":"Feature","geometry":{"type":"Polygon","coordinates":[[[-79.8533,-3.8246],[-79.8341,-3.807],[-79.8144,-3.8086],[-79.8138,-3.7865],[-79.791,-3.766],[-79.8054,-3.7283],[-79.8293,-3.7303],[-79.8615,-3.7239],[-79.8811,-3.747],[-79.8495,-3.7585],[-79.869,-3.7842],[-79.8725,-3.8209],[-79.8533,-3.8246]]]},"properties":{"ciudad":"Balsas","provincia":"El Oro"}},
{"type":"Feature","geometry":{"type":"Polygon","coordinates":[[[-79.6509,-1.1145],[-79.6628,-1.1107],[-79.691,-1.0873],[-79.7088,-1.0961],[-79.7371,-1.0939],[-79.776,-1.1204],[-79.7963,-1.1258],[-79.8252,-1.1139],[-79.8405,-1.0732],[-79.8614,-1.0998],[-79.8747,-1.1039],[-79.9031,-1.1261],[-79.9087,-1.1392],[-79.938,-1.1517],[-79.9551,-1.1385],[-79.9825,-1.1393],[-79.9844,-1.1306],[-79.9968,-1.1556],[-79.9824,-1.1825],[-80.0027,-1.1987],[-79.9988,-1.233],[-80.0375,-1.2537],[-80.0474,-1.2873],[-80.0697,-1.2972],[-80.0985,-1.3264],[-80.1375,-1.3241],[-80.1527,-1.3649],[-80.1421,-1.3803],[-80.1454,-1.4061],[-80.124,-1.4111],[-80.0788,-1.3593],[-80.066,-1.3538],[-80.0328,-1.3645],[-80.0296,-1.3907],[-80.0222,-1.4018],[-80.0424,-1.4422],[-80.0375,-1.4491],[-80.0072,-1.4531],[-79.9889,-1.4808],[-79.9853,-1.5],[-79.945,-1.5147],[-79.9328,-1.5298],[-79.9085,-1.5304],[-79.8958,-1.5027],[-79.8754,-1.5099],[-79.8667,-1.4786],[-79.8714,-1.4582],[-79.8609,-1.4213],[-79.8523,-1.4125],[-79.8476,-1.3857],[-79.8132,-1.355],[-79.7941,-1.3191],[-79.7884,-1.2927],[-79.7732,-1.2703],[-79.7468,-1.2158],[-79.7485,-1.1919],[-79.7323,-1.1775],[-79.718,-1.1793],[-79.7155,-1.1531],[-79.6873,-1.1499],[-79.6838,-1.1228],[-79.6509,-1.1145]]]},"properties":{"ciudad":"Balzar","provincia":"Guayas"}},
{"type":"Feature","geometry":{"type":"Polygon","coordinates":[[[-78.1253,-1.1933],[-78.1496,-1.1794],[-78.1719,-1.1902],[-78.19,-1.1795],[-78.1901,-1.1585],[-78.208,-1.1464],[-78.2312,-1.1411],[-78.2475,-1.1548],[-78.2644,-1.1419],[-78.3076,-1.1377],[-78.3184,-1.1632],[-78.3429,-1.1744],[-78.3247,-1.2159],[-78.3333,-1.2465],[-78.3439,-1.2622],[-78.343,-1.2768],[-78.3565,-1.2913],[-78.366,-1.3244],[-78.3974,-1.3218],[-78.4066,-1.3454],[-78.4467,-1.3571],[-78.4601,-1.3653],[-78.4587,-1.4016],[-78.472,-1.4041],[-78.4783,-1.4136],[-78.4483,-1.4678],[-78.4233,-1.486],[-78.396,-1.4849],[-78.3896,-1.4934],[-78.3643,-1.4971],[-78.358,-1.5216],[-78.3453,-1.5041],[-78.3162,-1.4961],[-78.2985,-1.4804],[-78.2792,-1.4822],[-78.2657,-1.5023],[-78.2215,-1.486],[-78.2213,-1.4759],[-78.1968,-1.4744],[-78.1924,-1.4557],[-78.178,-1.448],[-78.1694,-1.4359],[-78.1516,-1.4304],[-78.1472,-1.3971],[-78.1253,-1.3786],[-78.1173,-1.3507],[-78.115,-1.3208],[-78.1188,-1.3007],[-78.123,-1.2224],[-78.1172,-1.2023],[-78.1253,-1.1933]]]},"properties":{"ciudad":"Baños de Agua Santa","provincia":"Tungurahua"}},
{"type":"Feature","geometry":{"type":"Polygon","coordinates":[[[-78.8796,-2.6506],[-78.889,-2.6491],[-78.8948,-2.6217],[-78.9082,-2.6264],[-78.9305,-2.6085],[-78.9878,-2.618],[-79.0154,-2.6261],[-79.0278,-2.6394],[-79.0442,-2.6223],[-79.0603,-2.6572],[-79.0809,-2.6652],[-79.0973,-2.6967],[-79.0876,-2.7272],[-79.0741,-2.6952],[-79.0372,-2.6777],[-79.0216,-2.6885],[-79.0039,-2.7177],[-78.9906,-2.7268],[-78.975,-2.7058],[-78.9547,-2.721],[-78.9282,-2.719],[-78.9054,-2.7474],[-78.884,-2.7393],[-78.87,-2.7237],[-78.8796,-2.6506]]]},"properties":{"ciudad":"Biblián","provincia":"Cañar"}},
{"type":"Feature","geometry":{"type":"Polygon","coordinates":[[[-77.807,0.4269],[-77.8286,0.4496],[-77.841,0.4553],[-77.8597,0.4872],[-77.8702,0.4827],[-77.8852,0.5629],[-77.9183,0.5885],[-77.9227,0.5791],[-77.9534,0.5707],[-77.9634,0.5745],[-77.9864,0.5658],[-78.0102,0.5506],[-78.0262,0.525],[-78.0361,0.5249],[-78.0524,0.4958],[-78.0736,0.4753],[-78.047,0.4711],[-78.0133,0.4733],[-78.0021,0.4679],[-77.9885,0.445],[-77.9626,0.4333],[-77.9457,0.4312],[-77.9237,0.4013],[-77.8646,0.3809],[-77.8378,0.3566],[-77.8127,0.3568],[-77.797,0.3683],[-77.8033,0.3992],[-77.8135,0.4038],[-77.807,0.4269]]]},"properties":{"ciudad":"Bolívar","provincia":"Carchi"}},
{"type":"Feature","geometry":{"type":"Polygon","coordinates":[[[-79.935,-0.8106],[-79.9693,-0.8322],[-79.9918,-0.8282],[-80.0554,-0.854],[-80.082,-0.8471],[-80.0919,-0.838],[-80.1252,-0.8243],[-80.1487,-0.8248],[-80.1748,-0.8054],[-80.1834,-0.831],[-80.21,-0.8318],[-80.2342,-0.8604],[-80.1943,-0.8881],[-80.1729,-0.8792],[-80.1644,-0.8946],[-80.1405,-0.9111],[-80.1211,-0.9168],[-80.1226,-0.9341],[-80.114,-0.957],[-80.0991,-0.9578],[-80.0655,-0.9751],[-80.0813,-0.9853],[-80.1108,-1.0199],[-80.1093,-1.0368],[-80.0904,-1.0386],[-80.0631,-1.0209],[-80.0491,-1.0188],[-80.0209,-1.0262],[-80.0154,-1.0492],[-79.9929,-1.0378],[-79.9838,-1.0236],[-79.9812,-0.9781],[-79.9537,-0.9823],[-79.9338,-0.9969],[-79.9151,-0.9803],[-79.9093,-0.9413],[-79.9175,-0.9333],[-79.898,-0.915],[-79.8847,-0.9108],[-79.885,-0.8947],[-79.8989,-0.8862],[-79.9087,-0.8626],[-79.8983,-0.8406],[-79.9081,-0.8195],[-79.935,-0.8106]]]},"properties":{"ciudad":"Bolívar","provincia":"Manabí"}},
{"type":"Feature","geometry":{"type":"Polygon","coordinates":[[[-79.369,-0.658],[-79.3483,-0.6327],[-79.3484,-0.614],[-79.3648,-0.5861],[-79.3465,-0.5439],[-79.3726,-0.5398],[-79.3896,-0.5458],[-79.417,-0.5387],[-79.4611,-0.5483],[-79.4834,-0.5431],[-79.4972,-0.5682],[-79.4856,-0.6022],[-79.5006,-0.6079],[-79.5147,-0.6432],[-79.5408,-0.6595],[-79.5412,-0.684],[-79.5337,-0.705],[-79.5376,-0.7171],[-79.5631,-0.7212],[-79.5654,-0.71],[-79.597,-0.74],[-79.5968,-0.7774],[-79.6057,-0.7986],[-79.5993,-0.8218],[-79.6074,-0.8533],[-79.5637,-0.8466],[-79.5377,-0.8365],[-79.528,-0.8547],[-79.5055,-0.8471],[-79.5127,-0.8757],[-79.5276,-0.9139],[-79.5072,-0.9448],[-79.4908,-0.9432],[-79.4555,-0.9613],[-79.4512,-0.9462],[-79.4476,-0.9084],[-79.4609,-0.8884],[-79.4789,-0.8908],[-79.4725,-0.8663],[-79.4818,-0.8496],[-79.4712,-0.8343],[-79.4567,-0.8327],[-79.4534,-0.8179],[-79.4617,-0.8028],[-79.4516,-0.7925],[-79.461,-0.7793],[-79.4587,-0.7569],[-79.4485,-0.7294],[-79.4536,-0.7039],[-79.4447,-0.6914],[-79.4224,-0.6888],[-79.4209,-0.6596],[-79.4021,-0.6721],[-79.369,-0.658]]]},"properties":{"ciudad":"Buena Fé","provincia":"Los Ríos"}},
{"type":"Feature","geometry":{"type":"Polygon","coordinates":[[[-79.2885,-1.6546],[-79.275,-1.6477],[-79.2368,-1.6525],[-79.2035,-1.6396],[-79.1782,-1.6157],[-79.1625,-1.6284],[-79.1392,-1.6275],[-79.1157,-1.6499],[-79.097,-1.6378],[-79.1021,-1.6087],[-79.1101,-1.6068],[-79.1436,-1.5749],[-79.1578,-1.5825],[-79.1619,-1.5579],[-79.1816,-1.5572],[-79.2169,-1.5654],[-79.2265,-1.5587],[-79.2335,-1.5335],[-79.2472,-1.5435],[-79.2537,-1.5698],[-79.2701,-1.5866],[-79.2786,-1.6099],[-79.2991,-1.5994],[-79.3176,-1.6268],[-79.3532,-1.6334],[-79.3467,-1.6461],[-79.3224,-1.6463],[-79.3208,-1.66],[-79.2885,-1.6546]]]},"properties":{"ciudad":"Caluma","provincia":"Bolívar"}},
{"type":"Feature","geometry":{"type":"Polygon","coordinates":[[[-79.6069,-4.1747],[-79.6201,-4.1803],[-79.6645,-4.1706],[-79.6801,-4.1754],[-79.6984,-4.1686],[-79.7237,-4.1506],[-79.7264,-4.2044],[-79.7466,-4.2179],[-79.7498,-4.2391],[-79.7435,-4.2558],[-79.7541,-4.2687],[-79.7546,-4.2865],[-79.7328,-4.3081],[-79.7374,-4.3543],[-79.7187,-4.3936],[-79.6916,-4.4127],[-79.6812,-4.4277],[-79.6784,-4.4482],[-79.6442,-4.4335],[-79.6167,-4.446],[-79.5704,-4.5018],[-79.5441,-4.5198],[-79.5208,-4.526],[-79.5126,-4.5162],[-79.5002,-4.4946],[-79.4824,-4.4819],[-79.4904,-4.4447],[-79.487,-4.4321],[-79.4409,-4.406],[-79.4268,-4.3821],[-79.4286,-4.3655],[-79.4402,-4.3466],[-79.4362,-4.3288],[-79.4609,-4.3225],[-79.4904,-4.33],[-79.5046,-4.2942],[-79.5198,-4.2836],[-79.5249,-4.2593],[-79.5424,-4.2492],[-79.5805,-4.2452],[-79.5822,-4.2068],[-79.6069,-4.1747]]]},"properties":{"ciudad":"Calvas","provincia":"Loja"}},
{"type":"Feature","geometry":{"type":"Polygon","coordinates":[[[-79.7259,-2.9792],[-79.7171,-3.0059],[-79.7344,-3.0098],[-79.7497,-3.0541],[-79.7632,-3.0627],[-79.7356,-3.0954],[-79.6887,-3.1055],[-79.6811,-3.1157],[-79.6341,-3.1369],[-79.6081,-3.1373],[-79.6279,-3.1093],[-79.6057,-3.108],[-79.5741,-3.0895],[-79.5609,-3.0566],[-79.5349,-3.0203],[-79.5133,-3.0316],[-79.4953,-3.0505],[-79.4767,-3.0468],[-79.4497,-3.0197],[-79.4463,-3.0027],[-79.458,-2.9938],[-79.4574,-2.9805],[-79.4726,-2.9727],[-79.4838,-2.9473],[-79.5097,-2.9141],[-79.5127,-2.8992],[-79.5023,-2.8827],[-79.5157,-2.8725],[-79.5334,-2.8469],[-79.5342,-2.8268],[-79.5482,-2.7884],[-79.5856,-2.7945],[-79.6095,-2.7916],[-79.6315,-2.8116],[-79.6533,-2.8212],[-79.6332,-2.8491],[-79.6152,-2.8585],[-79.6086,-2.8802],[-79.5945,-2.9021],[-79.6541,-2.9376],[-79.6451,-2.9898],[-79.6643,-2.9725],[-79.7259,-2.9792]]]},"properties":{"ciudad":"Camilo Ponce Enríquez","provincia":"Azuay"}},
{"type":"Feature","geometry":{"type":"Polygon","coordinates":[[[-78.8135,-2.3772],[-78.8419,-2.3948],[-78.8786,-2.3926],[-78.9118,-2.4193],[-78.9278,-2.4051],[-78.9749,-2.3915],[-78.9762,-2.3784],[-79.0051,-2.3775],[-79.043,-2.3402],[-79.0617,-2.3002],[-79.0901,-2.2784],[-79.1002,-2.254],[-79.1303,-2.2424],[-79.141,-2.2131],[-79.1472,-2.2369],[-79.1729,-2.2848],[-79.1753,-2.3033],[-79.2089,-2.3128],[-79.1994,-2.3336],[-79.2096,-2.3463],[-79.2108,-2.3752],[-79.1996,-2.3861],[-79.2265,-2.4094],[-79.2616,-2.4587],[-79.2513,-2.4615],[-79.2485,-2.5007],[-79.2755,-2.4973],[-79.3039,-2.514],[-79.3279,-2.51],[-79.3473,-2.5136],[-79.393,-2.498],[-79.3806,-2.5262],[-79.3729,-2.5568],[-79.3559,-2.5674],[-79.3272,-2.5578],[-79.296,-2.566],[-79.2849,-2.5604],[-79.2557,-2.5721],[-79.2454,-2.6141],[-79.2493,-2.6293],[-79.2421,-2.67],[-79.2315,-2.7004],[-79.2147,-2.723],[-79.1726,-2.7194],[-79.1633,-2.7305],[-79.1447,-2.7303],[-79.1438,-2.7147],[-79.1159,-2.7167],[-79.0876,-2.7272],[-79.0973,-2.6967],[-79.0809,-2.6652],[-79.0603,-2.6572],[-79.0442,-2.6223],[-79.0278,-2.6394],[-79.0154,-2.6261],[-78.9878,-2.618],[-78.9305,-2.6085],[-78.9082,-2.6264],[-78.8948,-2.6217],[-78.889,-2.6491],[-78.8796,-2.6506],[-78.8553,-2.63],[-78.8405,-2.6449],[-78.8041,-2.6528],[-78.7871,-2.6383],[-78.7809,-2.6073],[-78.7667,-2.5892],[-78.7674,-2.5522],[-78.7535,-2.5125],[-78.7456,-2.5026],[-78.7526,-2.4684],[-78.7489,-2.4407],[-78.7731,-2.4291],[-78.7834,-2.4351],[-78.7984,-2.4163],[-78.7918,-2.385],[-78.8135,-2.3772]],[[-79.042,-2.4236],[-79.0118,-2.4408],[-79.0541,-2.4752],[-79.0613,-2.5011],[-79.0799,-2.5041],[-79.1145,-2.4938],[-79.1188,-2.4847],[-79.068,-2.4353],[-79.042,-2.4236]],[[-78.8915,-2.4529],[-78.8886,-2.4399],[-78.8711,-2.4287],[-78.8574,-2.4442],[-78.8754,-2.4584],[-78.8873,-2.478],[-78.887,-2.5111],[-78.9049,-2.5207],[-78.9133,-2.5348],[-78.9482,-2.5195],[-78.9644,-2.5241],[-78.9832,-2.5156],[-78.9791,-2.4946],[-78.9243,-2.4773],[-78.8915,-2.4529]]]},"properties":{"ciudad":"Cañar","provincia":"Cañar"}},
{"type":"Feature","geometry":{"type":"Polygon","coordinates":[[[-78.123,-1.2224],[-78.1111,-1.2332],[-78.0973,-1.2256],[-78.0514,-1.2483],[-78.0247,-1.237],[-78.0149,-1.2245],[-77.9665,-1.2242],[-77.9187,-1.2268],[-77.8995,-1.2439],[-77.8804,-1.242],[-77.8898,-1.2233],[-77.8742,-1.2064],[-77.8521,-1.2066],[-77.831,-1.2165],[-77.8255,-1.2032],[-77.8059,-1.2027],[-77.7661,-1.1782],[-77.7541,-1.1783],[-77.7306,-1.1629],[-77.7541,-1.1352],[-77.793,-1.1202],[-77.7934,-1.0922],[-77.8752,-1.0907],[-77.8996,-1.0958],[-77.8929,-1.1172],[-77.9293,-1.1135],[-77.9547,-1.0842],[-77.9781,-1.1013],[-77.999,-1.0986],[-78.0337,-1.1095],[-78.0517,-1.1265],[-78.0746,-1.1201],[-78.1124,-1.1564],[-78.115,-1.178],[-78.1253,-1.1933],[-78.1172,-1.2023],[-78.123,-1.2224]]]},"properties":{"ciudad":"Carlos Julio Arosemena Tola","provincia":"Napo"}},
{"type":"Feature","geometry":{"type":"Polygon","coordinates":[[[-77.2152,0.3652],[-77.2454,0.3616],[-77.2596,0.3694],[-77.2875,0.3632],[-77.3129,0.3806],[-77.3723,0.401],[-77.3893,0.388],[-77.4171,0.3752],[-77.4195,0.355],[-77.4105,0.3401],[-77.3963,0.34],[-77.3938,0.3079],[-77.4117,0.2957],[-77.4278,0.2666],[-77.4115,0.2467],[-77.3865,0.2296],[-77.3947,0.1954],[-77.3826,0.1768],[-77.3181,0.104],[-77.2922,0.0863],[-77.2747,0.0808],[-77.2593,0.0477],[-77.254,0.0211],[-77.27,0.0125],[-77.2888,-0.0376],[-77.2778,-0.0491],[-77.2547,-0.0572],[-77.2102,-0.0841],[-77.2042,-0.0986],[-77.1572,-0.0999],[-77.1599,-0.0815],[-77.117,-0.0965],[-77.117,-0.084],[-77.0874,-0.0788],[-77.065,-0.0689],[-77.0436,-0.0524],[-77.0497,-0.0369],[-77.041,-0.0225],[-77.041,0.0419],[-77.0773,0.0465],[-77.0953,0.0376],[-77.0952,0.0869],[-77.11,0.1871],[-77.1882,0.2234],[-77.1863,0.2499],[-77.1718,0.2714],[-77.1617,0.2612],[-77.1504,0.2848],[-77.1885,0.2871],[-77.211,0.3005],[-77.2095,0.3129],[-77.2321,0.3229],[-77.2315,0.3402],[-77.2152,0.3652]]]},"properties":{"ciudad":"Cascales","provincia":"Sucumbíos"}},
{"type":"Feature","geometry":{"type":"Polygon","coordinates":[[[-79.5463,-3.7984],[-79.5593,-3.8029],[-79.5763,-3.7953],[-79.5715,-3.8022],[-79.5831,-3.8365],[-79.5569,-3.8828],[-79.5431,-3.8989],[-79.5478,-3.912],[-79.5333,-3.928],[-79.5392,-3.9626],[-79.5225,-3.9967],[-79.5199,-4.0244],[-79.512,-4.0299],[-79.4761,-4.0298],[-79.4593,-4.0221],[-79.4444,-4.0019],[-79.4033,-4.0058],[-79.3825,-4.0532],[-79.3648,-4.063],[-79.3343,-4.1212],[-79.3443,-4.1528],[-79.3253,-4.1765],[-79.3243,-4.1868],[-79.307,-4.1782],[-79.299,-4.1626],[-79.2827,-4.1599],[-79.2704,-4.1459],[-79.254,-4.1469],[-79.224,-4.1207],[-79.2275,-4.0689],[-79.2378,-4.0349],[-79.2573,-4.0109],[-79.2672,-3.9887],[-79.2813,-3.9929],[-79.309,-3.987],[-79.328,-3.9705],[-79.3185,-3.9466],[-79.3281,-3.9085],[-79.368,-3.8822],[-79.3907,-3.8886],[-79.4028,-3.9172],[-79.4208,-3.8948],[-79.4413,-3.8841],[-79.4668,-3.8518],[-79.4926,-3.8386],[-79.5156,-3.8338],[-79.5463,-3.7984]]]},"properties":{"ciudad":"Catamayo","provincia":"Loja"}},
{"type":"Feature","geometry":{"type":"Polygon","coordinates":[[[-77.9652,0.158],[-77.9669,0.1686],[-78.0022,0.1725],[-78.0314,0.1883],[-78.0347,0.176],[-78.0564,0.1831],[-78.0693,0.1775],[-78.0895,0.1814],[-78.1069,0.1629],[-78.1483,0.1589],[-78.1546,0.1414],[-78.1876,0.1397],[-78.1624,0.0862],[-78.1595,0.0604],[-78.1701,0.0432],[-78.1663,0.0272],[-78.1905,-0.0021],[-78.2022,0.0176],[-78.2397,0.0018],[-78.3008,-0.0045],[-78.3188,-0.0199],[-78.2979,-0.0291],[-78.2979,-0.061],[-78.3099,-0.0675],[-78.3013,-0.0896],[-78.2595,-0.0989],[-78.2424,-0.0882],[-78.2242,-0.091],[-78.2193,-0.1026],[-78.2497,-0.127],[-78.2074,-0.1415],[-78.1837,-0.1538],[-78.1652,-0.1752],[-78.1668,-0.1867],[-78.1551,-0.173],[-78.1322,-0.1674],[-78.1237,-0.1811],[-78.1077,-0.1794],[-78.0839,-0.1895],[-78.062,-0.1749],[-78.0594,-0.1494],[-78.0422,-0.1381],[-78.0189,-0.1403],[-77.9954,-0.1106],[-77.9697,-0.1227],[-77.9546,-0.0943],[-77.9397,-0.0817],[-77.9346,-0.0409],[-77.9101,-0.0279],[-77.8529,-0.004],[-77.8396,0.0274],[-77.8575,0.0317],[-77.8594,0.0624],[-77.8903,0.0831],[-77.914,0.0806],[-77.9372,0.1039],[-77.9462,0.0989],[-77.9753,0.1281],[-77.9652,0.158]]]},"properties":{"ciudad":"Cayambe","provincia":"Pichincha"}},
{"type":"Feature","geometry":{"type":"Polygon","coordinates":[[[-79.9707,-4.0575],[-80.0001,-4.0728],[-80.0107,-4.0524],[-80.0212,-4.071],[-80.0429,-4.0727],[-80.0767,-4.0842],[-80.0697,-4.1191],[-80.0919,-4.136],[-80.0912,-4.1471],[-80.1144,-4.174],[-80.1231,-4.1728],[-80.1461,-4.1447],[-80.1774,-4.169],[-80.2346,-4.2149],[-80.2322,-4.2283],[-80.2076,-4.254],[-80.1883,-4.2644],[-80.1739,-4.2361],[-80.1483,-4.2385],[-80.1187,-4.2335],[-80.1062,-4.2419],[-80.1204,-4.2672],[-80.1302,-4.2671],[-80.1198,-4.2771],[-80.1022,-4.2661],[-80.078,-4.2607],[-80.0659,-4.2419],[-80.0407,-4.2314],[-80.0201,-4.2339],[-79.9911,-4.227],[-79.974,-4.2343],[-79.9592,-4.2285],[-79.9539,-4.2109],[-79.9294,-4.2155],[-79.8838,-4.2046],[-79.8605,-4.1753],[-79.8625,-4.1566],[-79.8447,-4.1488],[-79.8769,-4.1362],[-79.9009,-4.1158],[-79.9133,-4.0791],[-79.9569,-4.0696],[-79.9707,-4.0575]]]},"properties":{"ciudad":"Celica","provincia":"Loja"}},
{"type":"Feature","geometry":{"type":"Polygon","coordinates":[[[-78.6864,-3.8634],[-78.7584,-3.8621],[-78.7922,-3.8689],[-78.8249,-3.8333],[-78.8504,-3.8538],[-78.8408,-3.8892],[-78.8292,-3.9136],[-78.7948,-3.9426],[-78.7816,-3.9445],[-78.7912,-3.9737],[-78.7627,-4.0169],[-78.7711,-4.0636],[-78.753,-4.048],[-78.7305,-4.0457],[-78.7162,-4.0193],[-78.665,-3.9893],[-78.6762,-3.9815],[-78.6746,-3.9588],[-78.6838,-3.9475],[-78.6825,-3.899],[-78.6789,-3.8813],[-78.6864,-3.8634]]]},"properties":{"ciudad":"Centinela del Cóndor","provincia":"Zamora Chinchipe"}},
{"type":"Feature","geometry":{"type":"Polygon","coordinates":[[[-78.6419,-1.3444],[-78.643,-1.3583],[-78.6121,-1.3749],[-78.5969,-1.3666],[-78.5902,-1.3522],[-78.5963,-1.3243],[-78.6308,-1.3429],[-78.6419,-1.3444]]]},"properties":{"ciudad":"Cevallos","provincia":"Tungurahua"}},
{"type":"Feature","geometry":{"type":"Polygon","coordinates":[[[-79.5763,-3.7953],[-79.5838,-3.7904],[-79.6077,-3.752],[-79.6194,-3.7501],[-79.6462,-3.7689],[-79.6801,-3.7787],[-79.6857,-3.7968],[-79.7141,-3.8284],[-79.7459,-3.8314],[-79.7858,-3.8444],[-79.802,-3.8422],[-79.8113,-3.8503],[-79.7941,-3.8673],[-79.7777,-3.9203],[-79.7555,-3.9204],[-79.7211,-3.9055],[-79.709,-3.95],[-79.6787,-3.9321],[-79.655,-3.9062],[-79.6228,-3.9008],[-79.6018,-3.9132],[-79.5569,-3.8828],[-79.5831,-3.8365],[-79.5715,-3.8022],[-79.5763,-3.7953]]]},"properties":{"ciudad":"Chaguarpamba","provincia":"Loja"}},
{"type":"Feature","geometry":{"type":"Polygon","coordinates":[[[-78.467,-1.7518],[-78.4726,-1.7221],[-78.4968,-1.6949],[-78.5153,-1.7154],[-78.5497,-1.7088],[-78.5699,-1.7145],[-78.5855,-1.7025],[-78.5903,-1.6884],[-78.608,-1.6826],[-78.607,-1.7122],[-78.6265,-1.7203],[-78.6334,-1.7386],[-78.5988,-1.7612],[-78.5757,-1.7926],[-78.5446,-1.8073],[-78.5075,-1.8058],[-78.4914,-1.7887],[-78.4683,-1.7939],[-78.4449,-1.7659],[-78.467,-1.7518]]]},"properties":{"ciudad":"Chambo","provincia":"Chimborazo"}},
{"type":"Feature","geometry":{"type":"Polygon","coordinates":[[[-79.6008,-3.5408],[-79.5703,-3.5395],[-79.5429,-3.5468],[-79.5389,-3.5331],[-79.5543,-3.5132],[-79.5381,-3.4716],[-79.5484,-3.456],[-79.5445,-3.4335],[-79.5544,-3.4189],[-79.5557,-3.3874],[-79.58,-3.3915],[-79.5893,-3.3762],[-79.5796,-3.366],[-79.5927,-3.3296],[-79.6113,-3.3431],[-79.6338,-3.3455],[-79.6449,-3.3379],[-79.6699,-3.3384],[-79.6699,-3.3697],[-79.6937,-3.3702],[-79.7111,-3.4039],[-79.7028,-3.4199],[-79.719,-3.455],[-79.7399,-3.4642],[-79.6923,-3.5099],[-79.6475,-3.5139],[-79.6344,-3.5038],[-79.6128,-3.5178],[-79.6008,-3.5408]]]},"properties":{"ciudad":"Chilla","provincia":"El Oro"}},
{"type":"Feature","geometry":{"type":"Polygon","coordinates":[[[-79.0238,-2.0861],[-79.0237,-2.0727],[-79.037,-2.0599],[-79.0261,-2.0095],[-79.0184,-2.001],[-79.0079,-1.9352],[-79.0078,-1.9041],[-79.0173,-1.8641],[-79.0468,-1.8822],[-79.074,-1.8718],[-79.097,-1.8729],[-79.1722,-1.9086],[-79.2045,-1.8998],[-79.2301,-1.9171],[-79.2408,-1.9368],[-79.2586,-1.9373],[-79.2609,-1.9626],[-79.2489,-1.9815],[-79.243,-2.0121],[-79.2245,-2.026],[-79.2282,-2.041],[-79.2091,-2.0745],[-79.2167,-2.0975],[-79.2032,-2.1114],[-79.2035,-2.1335],[-79.1756,-2.1458],[-79.1616,-2.1215],[-79.1151,-2.1167],[-79.1283,-2.1641],[-79.1383,-2.1824],[-79.1165,-2.1832],[-79.1271,-2.2025],[-79.0876,-2.1838],[-79.0466,-2.1373],[-79.0363,-2.1259],[-79.0238,-2.0861]]]},"properties":{"ciudad":"Chillanes","provincia":"Bolívar"}},
{"type":"Feature","geometry":{"type":"Polygon","coordinates":[[[-79.2912,-1.6693],[-79.2584,-1.6726],[-79.2531,-1.6909],[-79.2627,-1.7087],[-79.2284,-1.7395],[-79.2086,-1.7461],[-79.1748,-1.7315],[-79.165,-1.7131],[-79.1265,-1.7133],[-79.1061,-1.6993],[-79.0957,-1.7096],[-79.069,-1.6954],[-79.0462,-1.6937],[-79.0247,-1.7023],[-79.0102,-1.6846],[-79.005,-1.6434],[-79.0222,-1.6312],[-79.0551,-1.6233],[-79.0676,-1.6252],[-79.0793,-1.6105],[-79.1021,-1.6087],[-79.097,-1.6378],[-79.1157,-1.6499],[-79.1392,-1.6275],[-79.1625,-1.6284],[-79.1782,-1.6157],[-79.2035,-1.6396],[-79.2368,-1.6525],[-79.275,-1.6477],[-79.2885,-1.6546],[-79.2912,-1.6693]]]},"properties":{"ciudad":"Chimbo","provincia":"Bolívar"}},
{"type":"Feature","geometry":{"type":"Polygon","coordinates":[[[-78.8922,-4.8093],[-78.9816,-4.8075],[-78.9641,-4.7467],[-78.9812,-4.7468],[-79.0498,-4.7838],[-79.0662,-4.8],[-79.1001,-4.7956],[-79.1021,-4.7788],[-79.0938,-4.7538],[-79.111,-4.741],[-79.1143,-4.727],[-79.13,-4.7245],[-79.1529,-4.749],[-79.1732,-4.7597],[-79.2062,-4.7524],[-79.233,-4.7392],[-79.2688,-4.7326],[-79.2916,-4.724],[-79.3149,-4.7275],[-79.3269,-4.7163],[-79.3478,-4.7179],[-79.394,-4.6929],[-79.3993,-4.7175],[-79.413,-4.7186],[-79.4297,-4.7408],[-79.3963,-4.8252],[-79.3692,-4.8339],[-79.352,-4.8804],[-79.3202,-4.9006],[-79.3058,-4.9028],[-79.2908,-4.9387],[-79.2656,-4.9669],[-79.1773,-4.9596],[-79.1422,-4.9645],[-79.1157,-4.9779],[-79.0759,-4.9698],[-79.0347,-5.0131],[-79.0152,-5.0161],[-78.984,-4.9423],[-78.9744,-4.8964],[-78.9455,-4.898],[-78.892,-4.8868],[-78.8898,-4.8726],[-78.9074,-4.8621],[-78.9116,-4.8426],[-78.8985,-4.8326],[-78.8922,-4.8093]]]},"properties":{"ciudad":"Chinchipe","provincia":"Zamora Chinchipe"}},
{"type":"Feature","geometry":{"type":"Polygon","coordinates":[[[-79.935,-0.8106],[-79.9384,-0.7946],[-79.9177,-0.7964],[-79.8872,-0.7758],[-79.8796,-0.7627],[-79.8775,-0.7148],[-79.888,-0.6949],[-79.9043,-0.6852],[-79.8844,-0.6486],[-79.8589,-0.6376],[-79.8297,-0.6358],[-79.7894,-0.6605],[-79.762,-0.6585],[-79.7454,-0.6951],[-79.718,-0.7013],[-79.6929,-0.7159],[-79.6738,-0.7353],[-79.6721,-0.7602],[-79.6596,-0.7144],[-79.6576,-0.6934],[-79.6335,-0.6706],[-79.6256,-0.6291],[-79.6311,-0.608],[-79.6263,-0.594],[-79.6487,-0.5829],[-79.6803,-0.5804],[-79.6944,-0.5651],[-79.6758,-0.5481],[-79.6898,-0.5146],[-79.6862,-0.4942],[-79.6995,-0.4825],[-79.7144,-0.4871],[-79.7202,-0.5051],[-79.7077,-0.5154],[-79.7075,-0.5368],[-79.7212,-0.5481],[-79.7392,-0.5461],[-79.7734,-0.529],[-79.7847,-0.5368],[-79.8276,-0.5243],[-79.8458,-0.5352],[-79.8692,-0.5016],[-79.8836,-0.5118],[-79.9047,-0.4893],[-79.9122,-0.4974],[-79.9749,-0.4993],[-80.004,-0.4837],[-80.0271,-0.4857],[-80.0403,-0.4687],[-80.0471,-0.4294],[-80.0137,-0.432],[-80.0086,-0.4159],[-79.9861,-0.4026],[-79.9618,-0.3781],[-79.9527,-0.3307],[-79.9725,-0.3109],[-79.947,-0.29],[-79.9487,-0.2601],[-79.9652,-0.249],[-79.9409,-0.215],[-79.8968,-0.233],[-79.8894,-0.2218],[-79.9049,-0.208],[-79.8971,-0.1759],[-79.8805,-0.1524],[-79.8535,-0.138],[-79.8458,-0.1269],[-79.8291,-0.1305],[-79.828,-0.1117],[-79.8183,-0.1004],[-79.779,-0.1125],[-79.7429,-0.1061],[-79.7277,-0.1086],[-79.6973,-0.1242],[-79.6626,-0.1596],[-79.638,-0.161],[-79.627,-0.1531],[-79.6302,-0.1401],[-79.618,-0.1271],[-79.6226,-0.1108],[-79.6051,-0.0909],[-79.6108,-0.0646],[-79.6026,-0.0592],[-79.6156,-0.0351],[-79.6058,-0.0212],[-79.6122,0.0113],[-79.6224,0.0137],[-79.6237,0.0443],[-79.5975,0.066],[-79.6029,0.0824],[-79.6298,0.0807],[-79.6313,0.0676],[-79.7038,0.0575],[-79.7044,0.0344],[-79.726,0.0341],[-79.7442,0.0193],[-79.8224,0],[-79.8336,0.0035],[-79.8421,-0.022],[-79.8856,-0.0561],[-79.9093,-0.0573],[-79.9315,-0.0752],[-79.9367,-0.0924],[-79.9535,-0.0966],[-79.9661,-0.1112],[-79.9659,-0.1463],[-79.9916,-0.169],[-80.0207,-0.1857],[-80.035,-0.2013],[-80.0829,-0.2364],[-80.0804,-0.2478],[-80.0986,-0.2778],[-80.1006,-0.3026],[-80.1282,-0.3307],[-80.1268,-0.3485],[-80.154,-0.3565],[-80.1715,-0.3673],[-80.1722,-0.4262],[-80.1882,-0.4331],[-80.1896,-0.4824],[-80.2216,-0.4918],[-80.2467,-0.5139],[-80.245,-0.5431],[-80.2586,-0.5692],[-80.2712,-0.5785],[-80.267,-0.5945],[-80.2758,-0.6095],[-80.274,-0.6257],[-80.2806,-0.6525],[-80.2791,-0.658],[-80.2678,-0.6799],[-80.2437,-0.6883],[-80.2153,-0.7128],[-80.2067,-0.7282],[-80.1754,-0.7308],[-80.1592,-0.7377],[-80.1618,-0.7585],[-80.1451,-0.7707],[-80.1748,-0.8054],[-80.1487,-0.8248],[-80.1252,-0.8243],[-80.0919,-0.838],[-80.082,-0.8471],[-80.0554,-0.854],[-79.9918,-0.8282],[-79.9693,-0.8322],[-79.935,-0.8106]]]},"properties":{"ciudad":"Chone","provincia":"Manabí"}},
{"type":"Feature","geometry":{"type":"Polygon","coordinates":[[[-78.6753,-3.0295],[-78.6705,-3.0126],[-78.6763,-2.9916],[-78.6943,-2.9755],[-78.7148,-2.9781],[-78.7183,-2.9564],[-78.7417,-2.9526],[-78.7538,-2.9223],[-78.7783,-2.9054],[-78.795,-2.9292],[-78.7737,-2.9837],[-78.7634,-3.0202],[-78.7522,-3.0318],[-78.7184,-3.0335],[-78.6824,-3.0471],[-78.6734,-3.0606],[-78.6753,-3.0295]]]},"properties":{"ciudad":"Chordeleg","provincia":"Azuay"}},
{"type":"Feature","geometry":{"type":"Polygon","coordinates":[[[-79.043,-2.3402],[-79.0051,-2.3775],[-78.9762,-2.3784],[-78.9749,-2.3915],[-78.9278,-2.4051],[-78.9118,-2.4193],[-78.8786,-2.3926],[-78.8419,-2.3948],[-78.8135,-2.3772],[-78.8052,-2.3518],[-78.8078,-2.3365],[-78.8392,-2.3135],[-78.8432,-2.2894],[-78.8313,-2.2642],[-78.8299,-2.2396],[-78.8648,-2.2411],[-78.8828,-2.2707],[-78.8976,-2.253],[-78.9167,-2.2646],[-78.951,-2.2679],[-78.9664,-2.2777],[-78.949,-2.3175],[-78.9792,-2.3368],[-79.0044,-2.3298],[-79.043,-2.3402]]]},"properties":{"ciudad":"Chunchi","provincia":"Chimborazo"}},
{"type":"Feature","geometry":{"type":"Polygon","coordinates":[[[-80.1454,-1.4061],[-80.1676,-1.4061],[-80.1703,-1.4212],[-80.1963,-1.4229],[-80.1959,-1.4591],[-80.197,-1.4784],[-80.2071,-1.4933],[-80.194,-1.5192],[-80.1748,-1.5296],[-80.193,-1.5538],[-80.2217,-1.5743],[-80.265,-1.5663],[-80.2799,-1.5774],[-80.2541,-1.6168],[-80.2233,-1.6169],[-80.2224,-1.6515],[-80.2082,-1.6734],[-80.2114,-1.6935],[-80.199,-1.6854],[-80.2047,-1.6693],[-80.1741,-1.652],[-80.1458,-1.646],[-80.1284,-1.649],[-80.1013,-1.6266],[-80.0928,-1.6372],[-80.0449,-1.643],[-80.0363,-1.6358],[-80.0117,-1.6407],[-79.9831,-1.6276],[-79.9644,-1.5911],[-79.9198,-1.5893],[-79.9104,-1.5539],[-79.8908,-1.5519],[-79.8748,-1.5419],[-79.8679,-1.5257],[-79.8754,-1.5099],[-79.8958,-1.5027],[-79.9085,-1.5304],[-79.9328,-1.5298],[-79.945,-1.5147],[-79.9853,-1.5],[-79.9889,-1.4808],[-80.0072,-1.4531],[-80.0375,-1.4491],[-80.0424,-1.4422],[-80.0222,-1.4018],[-80.0296,-1.3907],[-80.0328,-1.3645],[-80.066,-1.3538],[-80.0788,-1.3593],[-80.124,-1.4111],[-80.1454,-1.4061]]]},"properties":{"ciudad":"Colimes","provincia":"Guayas"}},
{"type":"Feature","geometry":{"type":"Polygon","coordinates":[[[-79.0079,-1.9352],[-78.9915,-1.9176],[-78.9706,-1.9168],[-78.9623,-1.9379],[-78.9313,-1.9331],[-78.9139,-1.9501],[-78.9024,-1.9406],[-78.8778,-1.9398],[-78.8628,-1.931],[-78.8385,-1.9342],[-78.8147,-1.9476],[-78.8091,-1.9336],[-78.7774,-1.9212],[-78.7665,-1.9074],[-78.7354,-1.8978],[-78.7051,-1.8934],[-78.6954,-1.8617],[-78.6668,-1.8479],[-78.6699,-1.8339],[-78.692,-1.8323],[-78.6892,-1.7901],[-78.7048,-1.7683],[-78.7082,-1.7442],[-78.7216,-1.7407],[-78.7359,-1.7134],[-78.7317,-1.6844],[-78.7168,-1.6719],[-78.7278,-1.6548],[-78.7623,-1.6597],[-78.7791,-1.6707],[-78.8063,-1.6586],[-78.8206,-1.6459],[-78.8453,-1.6649],[-78.8625,-1.6782],[-78.8662,-1.7176],[-78.8774,-1.7274],[-78.885,-1.7521],[-78.8954,-1.7485],[-78.9119,-1.7625],[-78.9341,-1.7567],[-78.9769,-1.7534],[-78.9983,-1.7706],[-79.0124,-1.7741],[-79.0085,-1.791],[-79.0173,-1.8641],[-79.0078,-1.9041],[-79.0079,-1.9352]]]},"properties":{"ciudad":"Colta","provincia":"Chimborazo"}},
{"type":"Feature","geometry":{"type":"Polygon","coordinates":[[[-78.215,0.3723],[-78.2795,0.4065],[-78.3006,0.4087],[-78.3221,0.436],[-78.328,0.4621],[-78.3221,0.476],[-78.3667,0.5166],[-78.3822,0.561],[-78.4181,0.5864],[-78.4265,0.5856],[-78.4467,0.558],[-78.454,0.54],[-78.4738,0.5353],[-78.4894,0.5448],[-78.5091,0.5267],[-78.5408,0.5154],[-78.5456,0.4972],[-78.558,0.4959],[-78.5656,0.4772],[-78.5908,0.4676],[-78.6061,0.4527],[-78.6133,0.4158],[-78.6414,0.3966],[-78.6563,0.3774],[-78.6786,0.3733],[-78.6995,0.3829],[-78.7191,0.4031],[-78.747,0.4015],[-78.7729,0.4079],[-78.7841,0.4007],[-78.8123,0.4021],[-78.8268,0.382],[-78.858,0.3688],[-78.8782,0.3695],[-78.894,0.3617],[-78.9229,0.3583],[-78.9253,0.3431],[-78.9443,0.3291],[-78.9846,0.2674],[-78.9981,0.2592],[-79.0167,0.2724],[-79.0165,0.239],[-79.0093,0.2257],[-78.9812,0.2104],[-78.9663,0.2229],[-78.948,0.2034],[-78.9289,0.2186],[-78.9102,0.2129],[-78.8803,0.222],[-78.8697,0.2333],[-78.8326,0.2413],[-78.8026,0.2316],[-78.7777,0.2434],[-78.7549,0.2405],[-78.7183,0.2197],[-78.6855,0.2215],[-78.6748,0.2107],[-78.6572,0.2166],[-78.6374,0.2068],[-78.6251,0.2181],[-78.6071,0.2366],[-78.5951,0.234],[-78.58,0.271],[-78.5492,0.2831],[-78.509,0.3171],[-78.4899,0.3226],[-78.4942,0.3008],[-78.4782,0.2882],[-78.466,0.2893],[-78.451,0.3064],[-78.4349,0.3092],[-78.4166,0.2922],[-78.3968,0.2939],[-78.3918,0.305],[-78.3702,0.2822],[-78.3489,0.2764],[-78.3143,0.2593],[-78.3086,0.2671],[-78.2725,0.2598],[-78.2444,0.3053],[-78.2461,0.3233],[-78.235,0.3579],[-78.215,0.3723]]]},"properties":{"ciudad":"Cotacachi","provincia":"Imbabura"}},
{"type":"Feature","geometry":{"type":"Polygon","coordinates":[[[-79.2869,-2.1867],[-79.3156,-2.1808],[-79.3986,-2.1886],[-79.4202,-2.2047],[-79.4394,-2.2063],[-79.467,-2.2286],[-79.4976,-2.2295],[-79.5139,-2.2395],[-79.522,-2.2718],[-79.4924,-2.2929],[-79.4691,-2.2975],[-79.4274,-2.2971],[-79.3941,-2.2786],[-79.3713,-2.2735],[-79.359,-2.2785],[-79.3434,-2.2573],[-79.315,-2.2635],[-79.3131,-2.272],[-79.2741,-2.2802],[-79.2697,-2.231],[-79.2547,-2.2175],[-79.2483,-2.1963],[-79.2869,-2.1867]]]},"properties":{"ciudad":"Coronel Marcelino Maridueña","provincia":"Guayas"}},
{"type":"Feature","geometry":{"type":"Polygon","coordinates":[[[-78.9282,-2.8315],[-78.9445,-2.8291],[-78.9484,-2.8162],[-78.9463,-2.7827],[-78.9533,-2.7686],[-78.9765,-2.7474],[-78.9906,-2.7268],[-79.0039,-2.7177],[-79.0216,-2.6885],[-79.0372,-2.6777],[-79.0741,-2.6952],[-79.0876,-2.7272],[-79.1159,-2.7167],[-79.1438,-2.7147],[-79.1447,-2.7303],[-79.1633,-2.7305],[-79.1726,-2.7194],[-79.2147,-2.723],[-79.2315,-2.7004],[-79.2421,-2.67],[-79.2493,-2.6293],[-79.2454,-2.6141],[-79.2557,-2.5721],[-79.2849,-2.5604],[-79.296,-2.566],[-79.3272,-2.5578],[-79.3559,-2.5674],[-79.3729,-2.5568],[-79.3806,-2.5262],[-79.393,-2.498],[-79.4267,-2.4988],[-79.4209,-2.5303],[-79.4308,-2.5819],[-79.4258,-2.6062],[-79.4699,-2.5958],[-79.4652,-2.6209],[-79.4838,-2.6502],[-79.5019,-2.6631],[-79.4831,-2.6893],[-79.4883,-2.702],[-79.5197,-2.7087],[-79.5176,-2.7189],[-79.5337,-2.7354],[-79.5691,-2.7463],[-79.5784,-2.7439],[-79.6202,-2.7524],[-79.6219,-2.7741],[-79.6095,-2.7916],[-79.5856,-2.7945],[-79.5482,-2.7884],[-79.5342,-2.8268],[-79.5334,-2.8469],[-79.5157,-2.8725],[-79.5023,-2.8827],[-79.5127,-2.8992],[-79.5097,-2.9141],[-79.4838,-2.9473],[-79.4726,-2.9727],[-79.4574,-2.9805],[-79.4527,-2.9912],[-79.4273,-3.0026],[-79.4084,-3.0245],[-79.3769,-3.0383],[-79.3598,-3.0319],[-79.3403,-3.0394],[-79.3208,-3.0617],[-79.3037,-3.0666],[-79.2773,-3.0721],[-79.2522,-3.0503],[-79.2355,-3.0626],[-79.2119,-3.0704],[-79.1723,-3.103],[-79.1441,-3.1168],[-79.1024,-3.1086],[-79.0834,-3.1387],[-79.0592,-3.1346],[-79.0289,-3.1759],[-79.0063,-3.1577],[-78.9947,-3.1367],[-78.9571,-3.1178],[-78.9419,-3.0964],[-78.9164,-3.0757],[-78.8764,-3.0356],[-78.8762,-3.0133],[-78.8601,-2.9947],[-78.8965,-2.9719],[-78.916,-2.95],[-78.9088,-2.9228],[-78.887,-2.8792],[-78.879,-2.8704],[-78.858,-2.8695],[-78.8482,-2.8525],[-78.8808,-2.829],[-78.9113,-2.8366],[-78.9282,-2.8315]]]},"properties":{"ciudad":"Cuenca","provincia":"Azuay"}},
{"type":"Feature","geometry":{"type":"Polygon","coordinates":[[[-79.0466,-2.1373],[-79.0876,-2.1838],[-79.1271,-2.2025],[-79.1636,-2.2027],[-79.1922,-2.1913],[-79.2211,-2.1995],[-79.2483,-2.1963],[-79.2547,-2.2175],[-79.2211,-2.2101],[-79.1698,-2.2145],[-79.141,-2.2131],[-79.1303,-2.2424],[-79.1002,-2.254],[-79.0901,-2.2784],[-79.0716,-2.2851],[-79.0474,-2.2588],[-79.001,-2.2281],[-78.9832,-2.2063],[-79.0199,-2.1806],[-79.03,-2.1503],[-79.0466,-2.1373]]]},"properties":{"ciudad":"Cumandá","provincia":"Chimborazo"}},
{"type":"Feature","geometry":{"type":"Polygon","coordinates":[[[-75.2629,-0.6551],[-75.2575,-0.6433],[-75.239,-0.6423],[-75.2268,-0.622],[-75.2405,-0.6012],[-75.2284,-0.5756],[-75.2277,-0.5504],[-75.2405,-0.5489],[-75.2419,-0.523],[-75.2611,-0.5284],[-75.2727,-0.5177],[-75.2708,-0.5013],[-75.2974,-0.4966],[-75.313,-0.4822],[-75.3136,-0.4665],[-75.3441,-0.464],[-75.3882,-0.434],[-75.3886,-0.4168],[-75.4151,-0.3964],[-75.4444,-0.3402],[-75.4537,-0.3324],[-75.4717,-0.2981],[-75.471,-0.2799],[-75.4812,-0.2602],[-75.4823,-0.2369],[-75.4983,-0.2275],[-75.5137,-0.1972],[-75.5377,-0.1761],[-75.6102,-0.193],[-75.6105,-0.1136],[-75.6182,-0.1126],[-75.6398,-0.1493],[-75.6546,-0.1632],[-75.6788,-0.171],[-75.7276,-0.1655],[-75.7516,-0.1463],[-75.7859,-0.1321],[-75.8211,-0.1288],[-75.8492,-0.1311],[-75.8791,-0.107],[-75.9017,-0.0944],[-75.9356,-0.1638],[-75.9532,-0.1629],[-75.9634,-0.1521],[-75.9578,-0.1243],[-75.982,-0.1326],[-75.9888,-0.1112],[-76.0175,-0.0937],[-76.0692,-0.1114],[-76.1033,-0.0956],[-76.131,-0.0977],[-76.1487,-0.0896],[-76.1694,-0.0647],[-76.173,-0.0356],[-76.1859,-0.0238],[-76.2209,-0.0367],[-76.2824,-0.037],[-76.3059,-0.0312],[-76.3579,-0.0318],[-76.3802,-0.0218],[-76.4391,-0.0119],[-76.4562,-0.0268],[-76.482,-0.0244],[-76.5147,-0.0341],[-76.5174,-0.0682],[-76.514,-0.0904],[-76.5163,-0.1184],[-76.5074,-0.1301],[-76.5101,-0.1485],[-76.4961,-0.1632],[-76.5026,-0.187],[-76.4896,-0.1881],[-76.476,-0.2198],[-76.4625,-0.2346],[-76.4459,-0.2388],[-76.4247,-0.2546],[-76.4271,-0.2694],[-76.4094,-0.2984],[-76.3681,-0.2988],[-76.3544,-0.287],[-76.3327,-0.2852],[-76.3137,-0.2965],[-76.2941,-0.288],[-76.2622,-0.2875],[-76.2542,-0.3017],[-76.2352,-0.2851],[-76.2181,-0.2898],[-76.2059,-0.2771],[-76.1871,-0.2777],[-76.1752,-0.2649],[-76.1619,-0.2658],[-76.1537,-0.2942],[-76.1148,-0.292],[-76.0685,-0.3023],[-76.0478,-0.2932],[-76.0243,-0.3185],[-76.0211,-0.3483],[-76.0066,-0.361],[-75.9809,-0.3538],[-75.9343,-0.3896],[-75.9153,-0.3848],[-75.9128,-0.4036],[-75.8753,-0.4179],[-75.8557,-0.418],[-75.8261,-0.4377],[-75.748,-0.4198],[-75.7233,-0.4425],[-75.7178,-0.466],[-75.7007,-0.4727],[-75.6527,-0.4522],[-75.6365,-0.4729],[-75.6244,-0.4747],[-75.5922,-0.4923],[-75.5713,-0.4973],[-75.5739,-0.5191],[-75.5592,-0.5235],[-75.5607,-0.5413],[-75.5356,-0.5445],[-75.5124,-0.5562],[-75.4974,-0.5453],[-75.4857,-0.5582],[-75.4651,-0.547],[-75.4391,-0.5544],[-75.4255,-0.5656],[-75.4,-0.5687],[-75.3956,-0.5918],[-75.3812,-0.6087],[-75.3686,-0.602],[-75.3466,-0.6208],[-75.3223,-0.6178],[-75.3063,-0.6307],[-75.2845,-0.6246],[-75.2888,-0.6521],[-75.2629,-0.6551]]]},"properties":{"ciudad":"Cuyabeno","provincia":"Sucumbíos"}},
{"type":"Feature","geometry":{"type":"Polygon","coordinates":[[[-79.9003,-1.7752],[-79.9379,-1.7779],[-79.9571,-1.79],[-79.9844,-1.7815],[-80.0152,-1.787],[-80.0279,-1.796],[-80.0505,-1.7875],[-80.0679,-1.8212],[-80.0632,-1.8381],[-80.0509,-1.8419],[-80.0636,-1.8733],[-80.0491,-1.881],[-80.0057,-1.8852],[-80.0081,-1.9374],[-79.9975,-1.9603],[-80.0017,-1.9772],[-79.9921,-1.9639],[-79.9698,-1.9836],[-79.9654,-1.9992],[-79.93,-2.0414],[-79.9369,-2.0647],[-79.9095,-2.0528],[-79.8831,-2.0606],[-79.8655,-2.0586],[-79.8606,-2.0373],[-79.865,-2.001],[-79.8794,-1.9628],[-79.846,-1.9154],[-79.8434,-1.9026],[-79.8518,-1.8987],[-79.8624,-1.8736],[-79.8604,-1.8524],[-79.9039,-1.802],[-79.9003,-1.7752]]]},"properties":{"ciudad":"Daule","provincia":"Guayas"}},
{"type":"Feature","geometry":{"type":"Polygon","coordinates":[[[-78.9054,-2.7474],[-78.9282,-2.719],[-78.9547,-2.721],[-78.975,-2.7058],[-78.9906,-2.7268],[-78.9765,-2.7474],[-78.9533,-2.7686],[-78.9463,-2.7827],[-78.9484,-2.8162],[-78.9445,-2.8291],[-78.9282,-2.8315],[-78.9146,-2.8183],[-78.9139,-2.8033],[-78.8943,-2.7952],[-78.9054,-2.7474]]]},"properties":{"ciudad":"Déleg","provincia":"Cañar"}},
{"type":"Feature","geometry":{"type":"MultiPolygon","coordinates":[[[[-79.8466,-2.1954],[-79.8642,-2.1988],[-79.8791,-2.2206],[-79.8531,-2.2518],[-79.8386,-2.2505],[-79.8343,-2.2132],[-79.8466,-2.1954]]],[[[-79.7321,-2.309],[-79.7151,-2.2882],[-79.6965,-2.2873],[-79.6904,-2.2388],[-79.7032,-2.2357],[-79.6984,-2.2132],[-79.704,-2.1928],[-79.7234,-2.1981],[-79.7661,-2.1455],[-79.78,-2.156],[-79.8204,-2.1275],[-79.8176,-2.0999],[-79.8442,-2.0952],[-79.8387,-2.1345],[-79.8458,-2.1621],[-79.8601,-2.1804],[-79.8395,-2.1926],[-79.8288,-2.2091],[-79.8307,-2.2898],[-79.8245,-2.3391],[-79.8014,-2.3279],[-79.7765,-2.325],[-79.7723,-2.3328],[-79.7452,-2.3151],[-79.7321,-2.309]]]]},"properties":{"ciudad":"Durán","provincia":"Guayas"}},
{"type":"Feature","geometry":{"type":"Polygon","coordinates":[[[-79.2335,-1.5335],[-79.2247,-1.5239],[-79.1847,-1.5254],[-79.1971,-1.4741],[-79.2076,-1.4608],[-79.2223,-1.4209],[-79.21,-1.4036],[-79.2169,-1.382],[-79.2274,-1.3842],[-79.2416,-1.3577],[-79.2633,-1.3521],[-79.2784,-1.3547],[-79.2852,-1.3684],[-79.2802,-1.3853],[-79.2962,-1.3959],[-79.3243,-1.3924],[-79.3167,-1.438],[-79.3559,-1.4624],[-79.3471,-1.4716],[-79.3288,-1.4763],[-79.3175,-1.495],[-79.3217,-1.5126],[-79.3042,-1.5259],[-79.2856,-1.527],[-79.2709,-1.5404],[-79.2472,-1.5435],[-79.2335,-1.5335]]]},"properties":{"ciudad":"Echeandía","provincia":"Bolívar"}},
{"type":"Feature","geometry":{"type":"Polygon","coordinates":[[[-79.627,-0.1531],[-79.6197,-0.1524],[-79.6105,-0.1866],[-79.6116,-0.2151],[-79.6314,-0.233],[-79.6284,-0.2462],[-79.6395,-0.2731],[-79.6599,-0.2764],[-79.7127,-0.3142],[-79.7341,-0.3325],[-79.7366,-0.3504],[-79.7521,-0.351],[-79.7565,-0.3796],[-79.7455,-0.3822],[-79.727,-0.4195],[-79.7051,-0.4369],[-79.6786,-0.4384],[-79.6868,-0.4649],[-79.6995,-0.4825],[-79.6862,-0.4942],[-79.6898,-0.5146],[-79.6758,-0.5481],[-79.6944,-0.5651],[-79.6803,-0.5804],[-79.6487,-0.5829],[-79.6263,-0.594],[-79.6135,-0.5828],[-79.6222,-0.5635],[-79.6003,-0.5428],[-79.5719,-0.5361],[-79.5529,-0.5039],[-79.5369,-0.4858],[-79.5052,-0.493],[-79.5049,-0.5037],[-79.4599,-0.5037],[-79.4586,-0.4611],[-79.4291,-0.4387],[-79.4168,-0.4147],[-79.4018,-0.4026],[-79.403,-0.3283],[-79.4075,-0.3036],[-79.4024,-0.2866],[-79.4105,-0.2761],[-79.41,-0.2195],[-79.4169,-0.1907],[-79.4293,-0.1754],[-79.4493,-0.1794],[-79.4625,-0.1714],[-79.5086,-0.1688],[-79.5246,-0.1575],[-79.5298,-0.1365],[-79.5411,-0.1335],[-79.5482,-0.1003],[-79.6026,-0.0592],[-79.6108,-0.0646],[-79.6051,-0.0909],[-79.6226,-0.1108],[-79.618,-0.1271],[-79.6302,-0.1401],[-79.627,-0.1531]]]},"properties":{"ciudad":"El Carmen","provincia":"Manabí"}},
{"type":"Feature","geometry":{"type":"Polygon","coordinates":[[[-78.1668,-0.1867],[-78.1788,-0.1856],[-78.1929,-0.2026],[-78.1852,-0.2137],[-78.19,-0.2392],[-78.186,-0.2625],[-78.1584,-0.255],[-78.1205,-0.2552],[-78.0965,-0.2408],[-78.0893,-0.2443],[-78.078,-0.2811],[-78.0687,-0.2771],[-78.0343,-0.318],[-78.0269,-0.338],[-78.0042,-0.3389],[-77.9971,-0.3563],[-77.9752,-0.3828],[-77.959,-0.3832],[-77.9365,-0.3947],[-77.9288,-0.412],[-77.9081,-0.4022],[-77.8846,-0.3998],[-77.8638,-0.388],[-77.84,-0.3965],[-77.8209,-0.4166],[-77.787,-0.4213],[-77.7732,-0.4413],[-77.7538,-0.4335],[-77.6925,-0.4322],[-77.6605,-0.4344],[-77.6514,-0.4527],[-77.625,-0.4535],[-77.6179,-0.462],[-77.5868,-0.4662],[-77.5711,-0.4626],[-77.547,-0.4526],[-77.5284,-0.4761],[-77.4796,-0.4968],[-77.4322,-0.5209],[-77.4175,-0.5043],[-77.3906,-0.4943],[-77.382,-0.4622],[-77.3709,-0.4574],[-77.3651,-0.4288],[-77.3531,-0.4191],[-77.3311,-0.4251],[-77.3226,-0.4058],[-77.3266,-0.3787],[-77.3177,-0.3575],[-77.3015,-0.346],[-77.2749,-0.3377],[-77.2673,-0.3097],[-77.257,-0.3061],[-77.262,-0.2832],[-77.2575,-0.2714],[-77.2753,-0.2603],[-77.2694,-0.2352],[-77.2762,-0.2154],[-77.2991,-0.2022],[-77.2974,-0.1509],[-77.2859,-0.1232],[-77.2858,-0.1035],[-77.3055,-0.0599],[-77.3077,-0.0722],[-77.3377,-0.1045],[-77.339,-0.1184],[-77.3557,-0.1381],[-77.379,-0.1526],[-77.3937,-0.1375],[-77.4377,-0.1293],[-77.4539,-0.1367],[-77.4444,-0.0974],[-77.4612,-0.0192],[-77.4855,-0.0267],[-77.4872,-0.0403],[-77.5073,-0.0408],[-77.5113,-0.0637],[-77.5342,-0.0547],[-77.5812,-0.1021],[-77.6256,-0.0771],[-77.6863,-0.0813],[-77.7088,-0.0756],[-77.718,-0.0569],[-77.7333,-0.072],[-77.768,-0.085],[-77.7806,-0.0805],[-77.7856,-0.03],[-77.7949,-0.0162],[-77.7797,0.0102],[-77.7863,0.0204],[-77.812,0.0241],[-77.8223,0.0343],[-77.8396,0.0274],[-77.8529,-0.004],[-77.9101,-0.0279],[-77.9346,-0.0409],[-77.9397,-0.0817],[-77.9546,-0.0943],[-77.9697,-0.1227],[-77.9954,-0.1106],[-78.0189,-0.1403],[-78.0422,-0.1381],[-78.0594,-0.1494],[-78.062,-0.1749],[-78.0839,-0.1895],[-78.1077,-0.1794],[-78.1237,-0.1811],[-78.1322,-0.1674],[-78.1551,-0.173],[-78.1668,-0.1867]]]},"properties":{"ciudad":"El Chaco","provincia":"Napo"}},
{"type":"Feature","geometry":{"type":"Polygon","coordinates":[[[-79.7632,-3.0627],[-79.7759,-3.064],[-79.8084,-3.0501],[-79.8428,-3.0548],[-79.8552,-3.0487],[-79.8695,-3.0602],[-79.8901,-3.0774],[-79.9002,-3.0955],[-79.9071,-3.1575],[-79.9156,-3.1775],[-79.9419,-3.1976],[-79.9457,-3.2241],[-79.9384,-3.2325],[-79.9175,-3.2303],[-79.8726,-3.2572],[-79.8674,-3.2685],[-79.8423,-3.2785],[-79.8168,-3.2599],[-79.791,-3.2503],[-79.7762,-3.2722],[-79.7646,-3.2783],[-79.7391,-3.2689],[-79.6989,-3.2675],[-79.678,-3.2455],[-79.6823,-3.2196],[-79.6572,-3.1898],[-79.5977,-3.1807],[-79.6195,-3.1489],[-79.6341,-3.1369],[-79.6811,-3.1157],[-79.6887,-3.1055],[-79.7356,-3.0954],[-79.7632,-3.0627]]]},"properties":{"ciudad":"El Guabo","provincia":"El Oro"}},
{"type":"Feature","geometry":{"type":"Polygon","coordinates":[[[-78.5829,-2.8562],[-78.6179,-2.8334],[-78.655,-2.8192],[-78.6577,-2.7728],[-78.646,-2.7406],[-78.6673,-2.7527],[-78.6831,-2.7929],[-78.6983,-2.8064],[-78.697,-2.8477],[-78.6895,-2.8549],[-78.6962,-2.907],[-78.6774,-2.9272],[-78.6319,-2.9382],[-78.6323,-2.9147],[-78.6156,-2.8989],[-78.6,-2.8718],[-78.5829,-2.8562]]]},"properties":{"ciudad":"El Pan","provincia":"Azuay"}},
{"type":"Feature","geometry":{"type":"Polygon","coordinates":[[[-78.3653,-3.5276],[-78.4741,-3.5288],[-78.5317,-3.5311],[-78.5492,-3.5424],[-78.5853,-3.5522],[-78.6288,-3.5339],[-78.668,-3.55],[-78.6821,-3.5865],[-78.6977,-3.623],[-78.6921,-3.6583],[-78.6916,-3.6919],[-78.6567,-3.6939],[-78.641,-3.7191],[-78.6175,-3.7196],[-78.6087,-3.7104],[-78.582,-3.7039],[-78.5465,-3.7168],[-78.4177,-3.7162],[-78.4225,-3.6901],[-78.3996,-3.6885],[-78.3871,-3.6412],[-78.3984,-3.6215],[-78.38,-3.5514],[-78.3653,-3.5276]]]},"properties":{"ciudad":"El Pangui","provincia":"Zamora Chinchipe"}},
{"type":"Feature","geometry":{"type":"Polygon","coordinates":[[[-78.8915,-2.4529],[-78.9243,-2.4773],[-78.9791,-2.4946],[-78.9832,-2.5156],[-78.9644,-2.5241],[-78.9482,-2.5195],[-78.9133,-2.5348],[-78.9049,-2.5207],[-78.887,-2.5111],[-78.8873,-2.478],[-78.8754,-2.4584],[-78.8574,-2.4442],[-78.8711,-2.4287],[-78.8886,-2.4399],[-78.8915,-2.4529]]]},"properties":{"ciudad":"El Tambo","provincia":"Cañar"}},
{"type":"Feature","geometry":{"type":"Polygon","coordinates":[[[-79.141,-2.2131],[-79.1698,-2.2145],[-79.2211,-2.2101],[-79.2547,-2.2175],[-79.2697,-2.231],[-79.2741,-2.2802],[-79.3131,-2.272],[-79.315,-2.2635],[-79.3434,-2.2573],[-79.359,-2.2785],[-79.3713,-2.2735],[-79.3941,-2.2786],[-79.4274,-2.2971],[-79.4691,-2.2975],[-79.4924,-2.2929],[-79.522,-2.2718],[-79.5566,-2.2543],[-79.595,-2.2932],[-79.5975,-2.3046],[-79.6211,-2.3055],[-79.587,-2.3254],[-79.5765,-2.3377],[-79.5401,-2.329],[-79.4939,-2.3456],[-79.4902,-2.3588],[-79.4566,-2.3619],[-79.4337,-2.3735],[-79.42,-2.3592],[-79.415,-2.3358],[-79.3936,-2.3583],[-79.3586,-2.3631],[-79.338,-2.3452],[-79.3124,-2.3365],[-79.3008,-2.3199],[-79.2547,-2.3084],[-79.2089,-2.3128],[-79.1753,-2.3033],[-79.1729,-2.2848],[-79.1472,-2.2369],[-79.141,-2.2131]]]},"properties":{"ciudad":"El Triunfo","provincia":"Guayas"}},
{"type":"Feature","geometry":{"type":"MultiPolygon","coordinates":[[[[-79.0025,1.2131],[-78.9954,1.1638],[-78.9877,1.1389],[-78.9671,1.1329],[-78.9583,1.1355],[-78.955,1.1513],[-78.9612,1.1702],[-78.951,1.2095],[-78.9808,1.2149],[-79.0025,1.2131]]],[[[-78.558,0.4959],[-78.5816,0.5126],[-78.5811,0.5405],[-78.5894,0.5486],[-78.588,0.5686],[-78.6123,0.5832],[-78.6123,0.6004],[-78.6377,0.6094],[-78.6445,0.6498],[-78.6555,0.6543],[-78.6809,0.6983],[-78.7032,0.7215],[-78.7212,0.7207],[-78.7304,0.7383],[-78.7316,0.765],[-78.7388,0.7781],[-78.7261,0.7973],[-78.7306,0.8135],[-78.7201,0.8256],[-78.7376,0.861],[-78.7473,0.8445],[-78.777,0.851],[-78.7758,0.8642],[-78.7958,0.8772],[-78.8304,0.892],[-78.8542,0.9073],[-78.8641,0.9256],[-78.8505,0.9329],[-78.863,0.9533],[-78.8648,0.9804],[-78.8384,0.9831],[-78.8359,1.0077],[-78.8221,1.0197],[-78.8354,1.0319],[-78.8363,1.0468],[-78.8762,1.0631],[-78.9079,1.0716],[-78.9618,1.0682],[-78.9709,1.0849],[-78.987,1.0858],[-78.9786,1.1119],[-78.9966,1.1305],[-79.0044,1.171],[-79.0136,1.19],[-79.0361,1.2031],[-79.0504,1.2182],[-79.0669,1.2083],[-79.1004,1.1558],[-79.1288,1.1218],[-79.169,1.0926],[-79.2095,1.0819],[-79.2157,1.0628],[-79.1996,1.0524],[-79.1446,1.0341],[-79.1208,1.0117],[-79.1435,0.9792],[-79.1511,0.9564],[-79.1741,0.957],[-79.194,0.945],[-79.2059,0.9285],[-79.2269,0.9213],[-79.2047,0.8923],[-79.2202,0.856],[-79.2005,0.844],[-79.1913,0.8227],[-79.1982,0.8118],[-79.2266,0.8077],[-79.2335,0.7903],[-79.2641,0.7698],[-79.2864,0.7417],[-79.2994,0.6982],[-79.287,0.671],[-79.2672,0.667],[-79.2343,0.6166],[-79.2341,0.6041],[-79.2128,0.5887],[-79.2315,0.5754],[-79.2253,0.5554],[-79.2255,0.524],[-79.1949,0.5213],[-79.1843,0.4995],[-79.1562,0.5097],[-79.1397,0.4928],[-79.1206,0.505],[-79.0783,0.5106],[-79.0673,0.519],[-79.041,0.518],[-79.019,0.5409],[-79.0053,0.5425],[-78.9782,0.5141],[-78.9766,0.4809],[-78.9362,0.4265],[-78.9369,0.3879],[-78.9235,0.3595],[-78.9229,0.3583],[-78.894,0.3617],[-78.8782,0.3695],[-78.858,0.3688],[-78.8268,0.382],[-78.8123,0.4021],[-78.7841,0.4007],[-78.7729,0.4079],[-78.747,0.4015],[-78.7191,0.4031],[-78.6995,0.3829],[-78.6786,0.3733],[-78.6563,0.3774],[-78.6414,0.3966],[-78.6133,0.4158],[-78.6061,0.4527],[-78.5908,0.4676],[-78.5656,0.4772],[-78.558,0.4959]]],[[[-78.9825,1.2422],[-79.0022,1.2348],[-78.9955,1.2138],[-78.9644,1.2171],[-78.9825,1.2422]]],[[[-79.0039,1.2678],[-79.0465,1.2361],[-79.0097,1.2085],[-79.004,1.2349],[-78.9947,1.255],[-79.0039,1.2678]]],[[[-78.9282,1.2814],[-78.9366,1.2678],[-78.9628,1.2686],[-78.9627,1.2544],[-78.939,1.2455],[-78.9241,1.265],[-78.9282,1.2814]]],[[[-78.8911,1.3445],[-78.9049,1.309],[-78.8914,1.3091],[-78.8911,1.3445]]],[[[-78.8974,1.3677],[-78.9034,1.3752],[-78.928,1.3522],[-78.9702,1.3002],[-78.9839,1.2761],[-78.9408,1.2688],[-78.9305,1.2866],[-78.9143,1.2574],[-78.8965,1.2522],[-78.8889,1.2914],[-78.9057,1.3093],[-78.8922,1.3556],[-78.8974,1.3677]]]]},"properties":{"ciudad":"Eloy Alfaro","provincia":"Esmeraldas"}},
{"type":"Feature","geometry":{"type":"Polygon","coordinates":[[[-79.6509,-1.1145],[-79.6405,-1.0928],[-79.6229,-1.079],[-79.6166,-1.0639],[-79.5851,-1.0695],[-79.5533,-1.0643],[-79.5353,-1.0506],[-79.5269,-1.0099],[-79.5256,-0.9794],[-79.5082,-0.9681],[-79.5072,-0.9448],[-79.5276,-0.9139],[-79.5127,-0.8757],[-79.5055,-0.8471],[-79.528,-0.8547],[-79.5377,-0.8365],[-79.5637,-0.8466],[-79.6074,-0.8533],[-79.6275,-0.8659],[-79.662,-0.9033],[-79.6709,-0.8913],[-79.6846,-0.9032],[-79.7043,-0.8968],[-79.7051,-0.8832],[-79.7247,-0.8819],[-79.7712,-0.9474],[-79.7733,-0.9786],[-79.7894,-0.9774],[-79.801,-0.9926],[-79.7999,-1.0205],[-79.8121,-1.0326],[-79.8166,-1.0506],[-79.8334,-1.0501],[-79.8405,-1.0732],[-79.8252,-1.1139],[-79.7963,-1.1258],[-79.776,-1.1204],[-79.7371,-1.0939],[-79.7088,-1.0961],[-79.691,-1.0873],[-79.6628,-1.1107],[-79.6509,-1.1145]]]},"properties":{"ciudad":"El Empalme","provincia":"Guayas"}},
{"type":"Feature","geometry":{"type":"Polygon","coordinates":[[[-79.8354,0.6324],[-79.8211,0.6034],[-79.8166,0.583],[-79.796,0.5757],[-79.7834,0.5931],[-79.7606,0.6072],[-79.7398,0.5879],[-79.7258,0.6088],[-79.7026,0.619],[-79.6901,0.6112],[-79.6526,0.6209],[-79.6398,0.6304],[-79.6149,0.636],[-79.6123,0.6497],[-79.5619,0.6777],[-79.508,0.65],[-79.5031,0.6374],[-79.4824,0.6225],[-79.4633,0.6187],[-79.444,0.5932],[-79.447,0.5766],[-79.4119,0.573],[-79.4108,0.6122],[-79.423,0.6326],[-79.4602,0.6433],[-79.4887,0.688],[-79.4897,0.7193],[-79.5009,0.7541],[-79.5004,0.774],[-79.5124,0.8055],[-79.5083,0.8267],[-79.4838,0.818],[-79.4676,0.8301],[-79.4657,0.8459],[-79.4802,0.861],[-79.4836,0.878],[-79.474,0.8995],[-79.481,0.915],[-79.4653,0.9518],[-79.4559,0.9563],[-79.4533,0.9781],[-79.4657,1.0352],[-79.4602,1.0468],[-79.5503,0.9939],[-79.5827,0.9871],[-79.6273,0.9894],[-79.6342,0.9457],[-79.6482,0.9486],[-79.6469,0.9833],[-79.652,0.9947],[-79.7036,0.9704],[-79.745,0.9605],[-79.732,0.9233],[-79.75,0.904],[-79.7447,0.8822],[-79.7552,0.8507],[-79.7465,0.8195],[-79.7597,0.8069],[-79.7619,0.7899],[-79.783,0.7691],[-79.7944,0.7473],[-79.786,0.7359],[-79.7881,0.7158],[-79.8066,0.7041],[-79.8091,0.684],[-79.8354,0.6324]]]},"properties":{"ciudad":"Esmeraldas","provincia":"Esmeraldas"}},
{"type":"Feature","geometry":{"type":"Polygon","coordinates":[[[-77.9183,0.5885],[-77.9144,0.6055],[-77.8954,0.6184],[-77.8855,0.6423],[-77.8783,0.6772],[-77.8901,0.6887],[-77.8887,0.7244],[-77.897,0.74],[-77.9531,0.7427],[-77.9626,0.754],[-77.9842,0.7464],[-78.0145,0.7436],[-78.0284,0.7566],[-78.0632,0.7782],[-78.0618,0.8081],[-78.0681,0.8341],[-78.1044,0.8302],[-78.118,0.8598],[-78.1334,0.8592],[-78.1558,0.8391],[-78.1786,0.8334],[-78.1957,0.8136],[-78.215,0.8083],[-78.2238,0.7726],[-78.1715,0.7083],[-78.1358,0.7009],[-78.1042,0.683],[-78.0606,0.6923],[-78.0698,0.7091],[-78.0559,0.7379],[-78.0461,0.7163],[-78.0377,0.6735],[-78.0511,0.6516],[-78.0148,0.6342],[-78.0067,0.6191],[-78.0222,0.6015],[-78.031,0.5718],[-78.0174,0.5656],[-77.9864,0.5658],[-77.9634,0.5745],[-77.9534,0.5707],[-77.9227,0.5791],[-77.9183,0.5885]]]},"properties":{"ciudad":"Espejo","provincia":"Carchi"}},
{"type":"Feature","geometry":{"type":"Polygon","coordinates":[[[-79.5126,-4.5162],[-79.4891,-4.5274],[-79.4769,-4.5684],[-79.4944,-4.581],[-79.4861,-4.6281],[-79.4629,-4.6545],[-79.4575,-4.7014],[-79.4297,-4.7408],[-79.413,-4.7186],[-79.3993,-4.7175],[-79.394,-4.6929],[-79.3931,-4.6772],[-79.3773,-4.6553],[-79.3593,-4.6489],[-79.353,-4.6253],[-79.3333,-4.6058],[-79.3273,-4.5775],[-79.3365,-4.5466],[-79.3272,-4.5315],[-79.3247,-4.5053],[-79.3096,-4.493],[-79.3158,-4.457],[-79.329,-4.4454],[-79.3463,-4.4509],[-79.3513,-4.4245],[-79.3826,-4.4127],[-79.3984,-4.4134],[-79.4058,-4.4013],[-79.4409,-4.406],[-79.487,-4.4321],[-79.4904,-4.4447],[-79.4824,-4.4819],[-79.5002,-4.4946],[-79.5126,-4.5162]]]},"properties":{"ciudad":"Espíndola","provincia":"Loja"}},
{"type":"Feature","geometry":{"type":"Polygon","coordinates":[[[-79.6995,-0.4825],[-79.6868,-0.4649],[-79.6786,-0.4384],[-79.7051,-0.4369],[-79.727,-0.4195],[-79.7455,-0.3822],[-79.7565,-0.3796],[-79.7521,-0.351],[-79.7366,-0.3504],[-79.7341,-0.3325],[-79.7127,-0.3142],[-79.6599,-0.2764],[-79.6395,-0.2731],[-79.6284,-0.2462],[-79.6314,-0.233],[-79.6116,-0.2151],[-79.6105,-0.1866],[-79.6197,-0.1524],[-79.627,-0.1531],[-79.638,-0.161],[-79.6626,-0.1596],[-79.6973,-0.1242],[-79.7277,-0.1086],[-79.7429,-0.1061],[-79.779,-0.1125],[-79.8183,-0.1004],[-79.828,-0.1117],[-79.8291,-0.1305],[-79.8458,-0.1269],[-79.8535,-0.138],[-79.8805,-0.1524],[-79.8971,-0.1759],[-79.9049,-0.208],[-79.8894,-0.2218],[-79.8968,-0.233],[-79.9409,-0.215],[-79.9652,-0.249],[-79.9487,-0.2601],[-79.947,-0.29],[-79.9725,-0.3109],[-79.9527,-0.3307],[-79.9618,-0.3781],[-79.9861,-0.4026],[-80.0086,-0.4159],[-80.0137,-0.432],[-80.0471,-0.4294],[-80.0403,-0.4687],[-80.0271,-0.4857],[-80.004,-0.4837],[-79.9749,-0.4993],[-79.9122,-0.4974],[-79.9047,-0.4893],[-79.8836,-0.5118],[-79.8692,-0.5016],[-79.8458,-0.5352],[-79.8276,-0.5243],[-79.7847,-0.5368],[-79.7734,-0.529],[-79.7392,-0.5461],[-79.7212,-0.5481],[-79.7075,-0.5368],[-79.7077,-0.5154],[-79.7202,-0.5051],[-79.7144,-0.4871],[-79.6995,-0.4825]]]},"properties":{"ciudad":"Flavio Alfaro","provincia":"Manabí"}},
{"type":"Feature","geometry":{"type":"Polygon","coordinates":[[[-79.2355,-3.0626],[-79.2349,-3.0966],[-79.2285,-3.1207],[-79.2359,-3.1301],[-79.229,-3.1594],[-79.215,-3.1741],[-79.212,-3.1976],[-79.2208,-3.2303],[-79.2341,-3.2128],[-79.2582,-3.1929],[-79.2773,-3.1698],[-79.2897,-3.1827],[-79.3045,-3.1828],[-79.2935,-3.2024],[-79.2653,-3.2152],[-79.2631,-3.2349],[-79.241,-3.2485],[-79.2463,-3.2774],[-79.2199,-3.2873],[-79.2027,-3.2737],[-79.1671,-3.2318],[-79.1543,-3.2364],[-79.1205,-3.2245],[-79.0949,-3.24],[-79.085,-3.2352],[-79.0621,-3.2444],[-79.0381,-3.2237],[-79.0377,-3.2043],[-79.0221,-3.1885],[-79.0289,-3.1759],[-79.0592,-3.1346],[-79.0834,-3.1387],[-79.1024,-3.1086],[-79.1441,-3.1168],[-79.1723,-3.103],[-79.2119,-3.0704],[-79.2355,-3.0626]]]},"properties":{"ciudad":"Girón","provincia":"Azuay"}},
{"type":"Feature","geometry":{"type":"Polygon","coordinates":[[[-79.2711,-2.1038],[-79.2801,-2.1251],[-79.2805,-2.1454],[-79.2869,-2.1867],[-79.2483,-2.1963],[-79.2211,-2.1995],[-79.1922,-2.1913],[-79.1636,-2.2027],[-79.1271,-2.2025],[-79.1165,-2.1832],[-79.1383,-2.1824],[-79.1283,-2.1641],[-79.1151,-2.1167],[-79.1616,-2.1215],[-79.1756,-2.1458],[-79.2035,-2.1335],[-79.2285,-2.1172],[-79.2349,-2.1042],[-79.269,-2.0933],[-79.2711,-2.1038]]]},"properties":{"ciudad":"General Antonio Elizalde","provincia":"Guayas"}},
{"type":"Feature","geometry":{"type":"Polygon","coordinates":[[[-77.4171,0.3752],[-77.4281,0.3712],[-77.4255,0.3438],[-77.4356,0.3097],[-77.4538,0.303],[-77.4531,0.2857],[-77.4623,0.2644],[-77.4795,0.2539],[-77.4966,0.2537],[-77.5062,0.2344],[-77.5207,0.2324],[-77.546,0.2432],[-77.5766,0.2333],[-77.5909,0.2392],[-77.6195,0.2264],[-77.629,0.2147],[-77.6284,0.1977],[-77.6604,0.1823],[-77.6758,0.1676],[-77.6768,0.1508],[-77.6923,0.138],[-77.7085,0.1445],[-77.7112,0.1974],[-77.7516,0.2469],[-77.7709,0.2473],[-77.7908,0.2704],[-77.8153,0.2865],[-77.8318,0.315],[-77.8258,0.3226],[-77.8397,0.307],[-77.8514,0.2472],[-77.8654,0.2312],[-77.8719,0.2068],[-77.885,0.1999],[-77.9118,0.2049],[-77.9247,0.1977],[-77.9284,0.1777],[-77.9414,0.18],[-77.9565,0.157],[-77.9652,0.158],[-77.9753,0.1281],[-77.9462,0.0989],[-77.9372,0.1039],[-77.914,0.0806],[-77.8903,0.0831],[-77.8594,0.0624],[-77.8575,0.0317],[-77.8396,0.0274],[-77.8223,0.0343],[-77.812,0.0241],[-77.7863,0.0204],[-77.7797,0.0102],[-77.7949,-0.0162],[-77.7856,-0.03],[-77.7806,-0.0805],[-77.768,-0.085],[-77.7333,-0.072],[-77.718,-0.0569],[-77.7088,-0.0756],[-77.6863,-0.0813],[-77.6256,-0.0771],[-77.5812,-0.1021],[-77.5342,-0.0547],[-77.5113,-0.0637],[-77.5073,-0.0408],[-77.4872,-0.0403],[-77.4855,-0.0267],[-77.4612,-0.0192],[-77.4444,-0.0974],[-77.4539,-0.1367],[-77.4377,-0.1293],[-77.3937,-0.1375],[-77.379,-0.1526],[-77.3557,-0.1381],[-77.339,-0.1184],[-77.3377,-0.1045],[-77.3077,-0.0722],[-77.3055,-0.0599],[-77.2909,-0.0476],[-77.2778,-0.0491],[-77.2888,-0.0376],[-77.27,0.0125],[-77.254,0.0211],[-77.2593,0.0477],[-77.2747,0.0808],[-77.2922,0.0863],[-77.3181,0.104],[-77.3826,0.1768],[-77.3947,0.1954],[-77.3865,0.2296],[-77.4115,0.2467],[-77.4278,0.2666],[-77.4117,0.2957],[-77.3938,0.3079],[-77.3963,0.34],[-77.4105,0.3401],[-77.4195,0.355],[-77.4171,0.3752]]]},"properties":{"ciudad":"Gonzalo Pizarro","provincia":"Sucumbíos"}},
{"type":"Feature","geometry":{"type":"Polygon","coordinates":[[[-79.4609,-4.3225],[-79.472,-4.3006],[-79.4619,-4.2595],[-79.4243,-4.2666],[-79.403,-4.2474],[-79.3764,-4.2688],[-79.3739,-4.2846],[-79.3559,-4.2878],[-79.3315,-4.2774],[-79.3411,-4.2411],[-79.3302,-4.2205],[-79.3243,-4.1868],[-79.3253,-4.1765],[-79.3443,-4.1528],[-79.3343,-4.1212],[-79.3648,-4.063],[-79.3825,-4.0532],[-79.4033,-4.0058],[-79.4444,-4.0019],[-79.4593,-4.0221],[-79.4761,-4.0298],[-79.512,-4.0299],[-79.5243,-4.0563],[-79.5604,-4.1024],[-79.5739,-4.1029],[-79.5932,-4.1384],[-79.6069,-4.1747],[-79.5822,-4.2068],[-79.5805,-4.2452],[-79.5424,-4.2492],[-79.5249,-4.2593],[-79.5198,-4.2836],[-79.5046,-4.2942],[-79.4904,-4.33],[-79.4609,-4.3225]]]},"properties":{"ciudad":"Gonzanamá","provincia":"Loja"}},
{"type":"Feature","geometry":{"type":"Polygon","coordinates":[[[-78.646,-2.7406],[-78.6419,-2.7223],[-78.6767,-2.744],[-78.6968,-2.7645],[-78.7287,-2.756],[-78.7506,-2.7701],[-78.7339,-2.7812],[-78.7269,-2.8115],[-78.6983,-2.8064],[-78.6831,-2.7929],[-78.6673,-2.7527],[-78.646,-2.7406]]]},"properties":{"ciudad":"Guachapala","provincia":"Azuay"}},
{"type":"Feature","geometry":{"type":"Polygon","coordinates":[[[-78.6753,-3.0295],[-78.6571,-3.0052],[-78.6533,-2.9869],[-78.6317,-2.97],[-78.6319,-2.9382],[-78.6774,-2.9272],[-78.6962,-2.907],[-78.6895,-2.8549],[-78.697,-2.8477],[-78.6983,-2.8064],[-78.7269,-2.8115],[-78.7552,-2.8502],[-78.7702,-2.851],[-78.7836,-2.8647],[-78.8025,-2.8561],[-78.835,-2.8575],[-78.8482,-2.8525],[-78.858,-2.8695],[-78.879,-2.8704],[-78.887,-2.8792],[-78.9088,-2.9228],[-78.916,-2.95],[-78.8965,-2.9719],[-78.8601,-2.9947],[-78.853,-2.98],[-78.808,-2.9976],[-78.7737,-2.9837],[-78.795,-2.9292],[-78.7783,-2.9054],[-78.7538,-2.9223],[-78.7417,-2.9526],[-78.7183,-2.9564],[-78.7148,-2.9781],[-78.6943,-2.9755],[-78.6763,-2.9916],[-78.6705,-3.0126],[-78.6753,-3.0295]]]},"properties":{"ciudad":"Gualaceo","provincia":"Azuay"}},
{"type":"Feature","geometry":{"type":"Polygon","coordinates":[[[-78.3653,-3.5276],[-78.3574,-3.5013],[-78.3557,-3.4628],[-78.3454,-3.4501],[-78.3424,-3.4266],[-78.3557,-3.4033],[-78.3444,-3.3915],[-78.3523,-3.3815],[-78.3461,-3.3498],[-78.3724,-3.3342],[-78.4041,-3.308],[-78.4181,-3.316],[-78.4624,-3.3282],[-78.4817,-3.3147],[-78.5078,-3.3146],[-78.5662,-3.2124],[-78.5668,-3.1916],[-78.5581,-3.1689],[-78.5824,-3.1491],[-78.6017,-3.1464],[-78.6185,-3.1062],[-78.6635,-3.0731],[-78.6793,-3.0678],[-78.6887,-3.1051],[-78.7034,-3.1274],[-78.7506,-3.1465],[-78.7551,-3.1592],[-78.775,-3.1705],[-78.7892,-3.1899],[-78.8116,-3.2089],[-78.8415,-3.2444],[-78.8567,-3.2296],[-78.8798,-3.2501],[-78.9004,-3.2555],[-78.913,-3.2731],[-78.9362,-3.2757],[-78.9358,-3.2882],[-78.9471,-3.3131],[-78.9431,-3.3414],[-78.9316,-3.3596],[-78.9167,-3.3663],[-78.8995,-3.3943],[-78.8815,-3.4014],[-78.874,-3.4217],[-78.8784,-3.4523],[-78.8686,-3.4595],[-78.8661,-3.4897],[-78.8702,-3.5023],[-78.8476,-3.5125],[-78.8316,-3.5494],[-78.8203,-3.544],[-78.7952,-3.5458],[-78.7544,-3.5688],[-78.7386,-3.5621],[-78.7164,-3.5651],[-78.7062,-3.5776],[-78.6821,-3.5865],[-78.668,-3.55],[-78.6288,-3.5339],[-78.5853,-3.5522],[-78.5492,-3.5424],[-78.5317,-3.5311],[-78.4741,-3.5288],[-78.3653,-3.5276]]]},"properties":{"ciudad":"Gualaquiza","provincia":"Morona Santiago"}},
{"type":"Feature","geometry":{"type":"Polygon","coordinates":[[[-78.5317,-2.2424],[-78.4996,-2.2397],[-78.4877,-2.2175],[-78.5014,-2.2049],[-78.5039,-2.1571],[-78.5156,-2.1381],[-78.4939,-2.1212],[-78.4831,-2.1291],[-78.4505,-2.1172],[-78.4371,-2.0935],[-78.4428,-2.0716],[-78.4538,-2.0655],[-78.4478,-2.027],[-78.4418,-2.0129],[-78.4596,-1.9929],[-78.4846,-1.9926],[-78.489,-1.9583],[-78.4634,-1.9495],[-78.4612,-1.9369],[-78.4659,-1.942],[-78.5114,-1.9513],[-78.5326,-1.9461],[-78.5402,-1.9335],[-78.5414,-1.9037],[-78.5647,-1.8831],[-78.5879,-1.8852],[-78.6111,-1.8677],[-78.6242,-1.8771],[-78.6418,-1.8495],[-78.6668,-1.8479],[-78.6954,-1.8617],[-78.7051,-1.8934],[-78.7354,-1.8978],[-78.7665,-1.9074],[-78.7774,-1.9212],[-78.8091,-1.9336],[-78.8147,-1.9476],[-78.8281,-1.9869],[-78.8497,-1.9944],[-78.8315,-2.0145],[-78.839,-2.0366],[-78.8348,-2.0556],[-78.8715,-2.0937],[-78.8952,-2.1049],[-78.8633,-2.1213],[-78.8418,-2.0994],[-78.8077,-2.1148],[-78.7938,-2.1305],[-78.7631,-2.0993],[-78.7421,-2.0885],[-78.731,-2.1148],[-78.7137,-2.12],[-78.7066,-2.1427],[-78.69,-2.1568],[-78.6709,-2.1567],[-78.6823,-2.1798],[-78.6785,-2.1919],[-78.6512,-2.1905],[-78.6324,-2.1987],[-78.6236,-2.1851],[-78.6102,-2.2021],[-78.572,-2.2033],[-78.577,-2.2224],[-78.5599,-2.2233],[-78.5317,-2.2424]]]},"properties":{"ciudad":"Guamote","provincia":"Chimborazo"}},
{"type":"Feature","geometry":{"type":"Polygon","coordinates":[[[-78.8514,-1.4705],[-78.8,-1.4941],[-78.7806,-1.5343],[-78.7816,-1.5507],[-78.7494,-1.5694],[-78.7143,-1.6059],[-78.7116,-1.6258],[-78.6838,-1.6228],[-78.6742,-1.6382],[-78.653,-1.6483],[-78.6307,-1.6392],[-78.6237,-1.6508],[-78.5955,-1.6331],[-78.5805,-1.6493],[-78.5609,-1.6383],[-78.5484,-1.5917],[-78.535,-1.5894],[-78.5336,-1.5557],[-78.5406,-1.5447],[-78.5139,-1.4964],[-78.5129,-1.472],[-78.5298,-1.4692],[-78.5399,-1.4798],[-78.5627,-1.4755],[-78.5857,-1.4902],[-78.6029,-1.4894],[-78.6204,-1.5061],[-78.638,-1.4934],[-78.6518,-1.4998],[-78.7023,-1.4967],[-78.7265,-1.4697],[-78.7359,-1.4566],[-78.7687,-1.434],[-78.7789,-1.4306],[-78.8103,-1.4514],[-78.8293,-1.4562],[-78.8514,-1.4705]]]},"properties":{"ciudad":"Guano","provincia":"Chimborazo"}},
{"type":"Feature","geometry":{"type":"Polygon","coordinates":[[[-78.8621,-1.1914],[-78.8773,-1.1972],[-78.9238,-1.1828],[-78.9346,-1.1882],[-78.9521,-1.2113],[-78.9891,-1.2174],[-79.0135,-1.2135],[-79.069,-1.1783],[-79.0885,-1.1557],[-79.1066,-1.1498],[-79.1445,-1.1551],[-79.1793,-1.1687],[-79.2205,-1.1746],[-79.2385,-1.1952],[-79.2678,-1.2093],[-79.2802,-1.2063],[-79.2801,-1.2249],[-79.2911,-1.2344],[-79.2783,-1.2516],[-79.2366,-1.2825],[-79.2233,-1.3166],[-79.2006,-1.3145],[-79.1985,-1.3275],[-79.2137,-1.3375],[-79.2633,-1.3521],[-79.2416,-1.3577],[-79.2274,-1.3842],[-79.2169,-1.382],[-79.21,-1.4036],[-79.2223,-1.4209],[-79.2076,-1.4608],[-79.1971,-1.4741],[-79.1847,-1.5254],[-79.2247,-1.5239],[-79.2335,-1.5335],[-79.2265,-1.5587],[-79.2169,-1.5654],[-79.1816,-1.5572],[-79.1619,-1.5579],[-79.1578,-1.5825],[-79.1436,-1.5749],[-79.1101,-1.6068],[-79.1021,-1.6087],[-79.0793,-1.6105],[-79.0676,-1.6252],[-79.0551,-1.6233],[-79.0222,-1.6312],[-79.005,-1.6434],[-79.0102,-1.6846],[-78.9899,-1.7025],[-78.9536,-1.7084],[-78.9342,-1.7275],[-78.9111,-1.7252],[-78.8807,-1.7139],[-78.8662,-1.7176],[-78.8625,-1.6782],[-78.8453,-1.6649],[-78.8517,-1.6175],[-78.8782,-1.6106],[-78.8977,-1.5851],[-78.8863,-1.5638],[-78.8854,-1.5301],[-78.8683,-1.5075],[-78.8831,-1.472],[-78.8789,-1.4625],[-78.9091,-1.4314],[-78.9164,-1.41],[-78.9292,-1.4021],[-78.9266,-1.3754],[-78.9379,-1.3548],[-78.9216,-1.3411],[-78.8933,-1.2842],[-78.8875,-1.2621],[-78.8929,-1.2218],[-78.8621,-1.1914]]]},"properties":{"ciudad":"Guaranda","provincia":"Bolívar"}},
{"type":"Feature","geometry":{"type":"MultiPolygon","coordinates":[[[[-79.8495,-2.9769],[-79.8456,-3.0127],[-79.8655,-3.045],[-79.8695,-3.0602],[-79.8552,-3.0487],[-79.8428,-3.0548],[-79.8084,-3.0501],[-79.7759,-3.064],[-79.7632,-3.0627],[-79.7497,-3.0541],[-79.7344,-3.0098],[-79.7171,-3.0059],[-79.7259,-2.9792],[-79.7388,-2.9848],[-79.7717,-2.9706],[-79.788,-2.943],[-79.7969,-2.9524],[-79.8207,-2.9439],[-79.8495,-2.9769]]],[[[-80.099,-2.9104],[-80.1086,-2.9328],[-80.0843,-2.9358],[-80.0788,-2.9193],[-80.099,-2.9104]]],[[[-80.0905,-2.9014],[-80.0868,-2.9146],[-80.0771,-2.917],[-80.0778,-2.9316],[-80.0656,-2.9277],[-80.0631,-2.9108],[-80.0905,-2.9014]]],[[[-80.0861,-2.8404],[-80.095,-2.864],[-80.1096,-2.8768],[-80.0981,-2.896],[-80.08,-2.8959],[-80.0564,-2.9112],[-80.0409,-2.8874],[-80.031,-2.8615],[-80.049,-2.8514],[-80.0553,-2.8424],[-80.0708,-2.8507],[-80.0861,-2.8404]]],[[[-80.0022,-2.6848],[-80.0361,-2.6747],[-80.1107,-2.6929],[-80.1229,-2.7059],[-80.2059,-2.7291],[-80.22,-2.7398],[-80.2139,-2.7564],[-80.24,-2.8162],[-80.2569,-2.8352],[-80.2612,-2.8546],[-80.2598,-2.908],[-80.2639,-2.9918],[-80.2579,-3.0312],[-80.2024,-3.0391],[-80.1783,-3.0318],[-80.1634,-3.0105],[-80.1551,-3.0223],[-80.1292,-3.0247],[-80.0924,-2.9571],[-80.1184,-2.9221],[-80.1163,-2.9066],[-80.1546,-2.8657],[-80.1461,-2.8437],[-80.1313,-2.8312],[-80.1053,-2.8367],[-80.0938,-2.8326],[-80.07,-2.8489],[-80.0549,-2.8381],[-80.0505,-2.8487],[-80.0274,-2.8592],[-80.0098,-2.835],[-80.0022,-2.8145],[-79.9724,-2.7937],[-79.9326,-2.7919],[-79.9103,-2.7724],[-79.9014,-2.741],[-79.9399,-2.7198],[-79.9614,-2.7126],[-79.9793,-2.6945],[-80.0022,-2.6848]]],[[[-79.9372,-2.65],[-79.9416,-2.62],[-79.9563,-2.6109],[-79.9734,-2.629],[-79.9959,-2.6393],[-79.9865,-2.6528],[-79.9487,-2.6568],[-79.9372,-2.65]]],[[[-80.0039,-2.6039],[-80.0158,-2.6111],[-80.0088,-2.6304],[-79.9738,-2.6194],[-79.9665,-2.6083],[-80.0039,-2.6039]]],[[[-79.7901,-2.6306],[-79.7787,-2.6188],[-79.7926,-2.5985],[-79.8037,-2.6188],[-79.7901,-2.6306]]],[[[-80.0217,-2.5945],[-80.0589,-2.5969],[-80.0527,-2.6144],[-80.0353,-2.6105],[-80.0217,-2.5945]]],[[[-79.734,-2.5323],[-79.7766,-2.5356],[-79.7928,-2.5722],[-79.7892,-2.5893],[-79.7693,-2.6255],[-79.751,-2.637],[-79.7254,-2.6096],[-79.7329,-2.5782],[-79.7237,-2.559],[-79.734,-2.5323]]],[[[-79.9687,-2.5078],[-79.9751,-2.4929],[-79.9963,-2.4894],[-80.0143,-2.5079],[-80.0235,-2.5439],[-80.0461,-2.5742],[-80.0624,-2.5799],[-80.0643,-2.5947],[-79.992,-2.59],[-79.9907,-2.5977],[-79.958,-2.6048],[-79.9305,-2.5996],[-79.9438,-2.5796],[-79.9475,-2.5531],[-79.9638,-2.5412],[-79.9793,-2.5418],[-79.9864,-2.5213],[-79.9826,-2.5123],[-79.9794,-2.5091],[-79.9687,-2.5078]]],[[[-79.9195,-2.4933],[-79.947,-2.5172],[-79.9641,-2.5129],[-79.9804,-2.5135],[-79.9844,-2.5177],[-79.9787,-2.5305],[-79.9774,-2.539],[-79.9749,-2.5415],[-79.9638,-2.5377],[-79.9383,-2.5552],[-79.937,-2.584],[-79.9201,-2.5787],[-79.9034,-2.552],[-79.9039,-2.5282],[-79.8925,-2.517],[-79.8902,-2.5059],[-79.9064,-2.4902],[-79.9195,-2.4933]]],[[[-79.8236,-2.5791],[-79.8174,-2.5484],[-79.8273,-2.5142],[-79.8472,-2.4674],[-79.8595,-2.495],[-79.8603,-2.5161],[-79.8893,-2.6298],[-79.8854,-2.6552],[-79.8523,-2.6668],[-79.8368,-2.6601],[-79.8351,-2.6139],[-79.8236,-2.5791]]],[[[-79.8787,-2.4749],[-79.9,-2.4691],[-79.9295,-2.4766],[-79.9157,-2.492],[-79.8859,-2.4857],[-79.8787,-2.4749]]],[[[-79.9457,-2.4438],[-79.959,-2.4356],[-79.9656,-2.4597],[-79.9878,-2.4693],[-79.9647,-2.4854],[-79.9524,-2.5077],[-79.9418,-2.5045],[-79.9426,-2.4739],[-79.9301,-2.4622],[-79.9457,-2.4438]]],[[[-79.9124,-2.4412],[-79.9286,-2.4453],[-79.9108,-2.4653],[-79.8979,-2.4602],[-79.891,-2.4293],[-79.9124,-2.4412]]],[[[-80.0025,-2.435],[-80.0191,-2.4263],[-80.0309,-2.4641],[-80.0354,-2.4983],[-80.0218,-2.4972],[-80.01,-2.4766],[-79.9833,-2.4566],[-79.9752,-2.4355],[-80.0025,-2.435]]],[[[-79.8018,-2.4759],[-79.804,-2.4494],[-79.8192,-2.4161],[-79.8392,-2.412],[-79.8415,-2.4553],[-79.832,-2.467],[-79.8252,-2.4921],[-79.8051,-2.5235],[-79.7934,-2.533],[-79.7822,-2.5213],[-79.7982,-2.4962],[-79.8018,-2.4759]]],[[[-79.9069,-2.4179],[-79.9265,-2.4106],[-79.9316,-2.4227],[-79.9096,-2.4306],[-79.9069,-2.4179]]],[[[-79.9894,-2.4094],[-80.0007,-2.4342],[-79.9702,-2.4289],[-79.9357,-2.443],[-79.9412,-2.4127],[-79.9894,-2.4094]]],[[[-80.0747,-2.4723],[-80.0656,-2.4621],[-80.0523,-2.4271],[-80.0497,-2.4061],[-80.0686,-2.4125],[-80.0868,-2.4432],[-80.0765,-2.4525],[-80.0747,-2.4723]]],[[[-79.9946,-2.366],[-80.0022,-2.388],[-79.9866,-2.4063],[-79.9716,-2.393],[-79.9808,-2.3679],[-79.9946,-2.366]]],[[[-79.9384,-2.3479],[-79.9474,-2.3426],[-79.9519,-2.3334],[-79.9763,-2.3669],[-79.9584,-2.3687],[-79.9384,-2.3479]]],[[[-79.9203,-2.316],[-79.9382,-2.3139],[-79.9439,-2.3257],[-79.9459,-2.3421],[-79.9363,-2.3484],[-79.9297,-2.3642],[-79.9231,-2.3618],[-79.9224,-2.3588],[-79.9155,-2.3553],[-79.9116,-2.3507],[-79.916,-2.3418],[-79.913,-2.3311],[-79.9203,-2.316]]],[[[-79.9719,-2.2733],[-79.9763,-2.2717],[-79.983,-2.2752],[-79.9887,-2.2754],[-79.9905,-2.2834],[-79.9965,-2.2941],[-79.996,-2.2979],[-79.9756,-2.3018],[-79.9638,-2.29],[-79.9719,-2.2733]]],[[[-79.8514,-2.2923],[-79.8556,-2.2722],[-79.8654,-2.2614],[-79.8733,-2.2692],[-79.8691,-2.2765],[-79.8715,-2.2872],[-79.8975,-2.2869],[-79.9045,-2.2851],[-79.9159,-2.3173],[-79.9115,-2.3316],[-79.9105,-2.3479],[-79.9105,-2.3517],[-79.9139,-2.3556],[-79.9219,-2.3614],[-79.8999,-2.3763],[-79.8892,-2.4079],[-79.8895,-2.4267],[-79.8805,-2.4481],[-79.8779,-2.4793],[-79.8948,-2.4954],[-79.8894,-2.5062],[-79.8892,-2.5091],[-79.8933,-2.5194],[-79.9024,-2.5319],[-79.902,-2.5517],[-79.9173,-2.5765],[-79.8962,-2.5761],[-79.8874,-2.546],[-79.8815,-2.5077],[-79.874,-2.5052],[-79.8666,-2.4618],[-79.8579,-2.4328],[-79.8617,-2.409],[-79.8579,-2.3701],[-79.8521,-2.3575],[-79.8467,-2.3148],[-79.8514,-2.2923]]],[[[-79.9524,-2.2364],[-79.9754,-2.2628],[-79.9558,-2.2893],[-79.9701,-2.3012],[-79.9538,-2.3164],[-79.939,-2.3032],[-79.9422,-2.2717],[-79.9314,-2.2484],[-79.9524,-2.2364]]],[[[-79.916,-2.2294],[-79.9323,-2.2388],[-79.9261,-2.2502],[-79.9295,-2.2688],[-79.9157,-2.2784],[-79.9103,-2.2553],[-79.916,-2.2294]]],[[[-80.0017,-1.9772],[-80.0132,-1.9885],[-80.0385,-1.9982],[-80.0317,-2.0141],[-80.0416,-2.0351],[-80.0719,-2.0373],[-80.0783,-2.0491],[-80.0997,-2.0507],[-80.1188,-2.0655],[-80.1255,-2.0908],[-80.1366,-2.1086],[-80.2051,-2.1001],[-80.2353,-2.1051],[-80.2573,-2.0963],[-80.2491,-2.1106],[-80.2453,-2.1369],[-80.2494,-2.1574],[-80.2363,-2.1882],[-80.2018,-2.2093],[-80.2177,-2.2325],[-80.2334,-2.2334],[-80.2619,-2.2482],[-80.2648,-2.2648],[-80.2846,-2.2744],[-80.2804,-2.2858],[-80.2875,-2.3108],[-80.2827,-2.3348],[-80.3385,-2.3484],[-80.3604,-2.3425],[-80.3742,-2.3466],[-80.3816,-2.3795],[-80.4035,-2.3747],[-80.4172,-2.3825],[-80.4477,-2.3757],[-80.4457,-2.3967],[-80.461,-2.4139],[-80.4523,-2.4551],[-80.4676,-2.4772],[-80.4487,-2.4669],[-80.422,-2.4709],[-80.3968,-2.4657],[-80.3887,-2.4749],[-80.388,-2.5198],[-80.3772,-2.5235],[-80.3747,-2.5818],[-80.3703,-2.6112],[-80.3593,-2.6278],[-80.3548,-2.6509],[-80.3587,-2.6707],[-80.3221,-2.6898],[-80.3098,-2.715],[-80.2949,-2.7257],[-80.2546,-2.7411],[-80.2443,-2.7373],[-80.2383,-2.7046],[-80.2495,-2.6885],[-80.2585,-2.6398],[-80.2209,-2.6279],[-80.2188,-2.6095],[-80.1982,-2.6002],[-80.173,-2.5966],[-80.1605,-2.5622],[-80.1801,-2.5514],[-80.1805,-2.5323],[-80.2023,-2.5099],[-80.1946,-2.494],[-80.1796,-2.4926],[-80.1635,-2.5027],[-80.1618,-2.525],[-80.1508,-2.5415],[-80.1544,-2.5654],[-80.1458,-2.5696],[-80.1008,-2.5197],[-80.082,-2.4888],[-80.0889,-2.4494],[-80.0817,-2.4266],[-80.1009,-2.4122],[-80.065,-2.3899],[-80.0478,-2.4048],[-80.0337,-2.3923],[-80.0291,-2.3634],[-80.0072,-2.3431],[-79.9769,-2.3433],[-79.9817,-2.3086],[-79.9999,-2.295],[-79.9939,-2.283],[-79.9901,-2.2799],[-79.991,-2.2752],[-79.9858,-2.2744],[-79.9775,-2.2694],[-79.9814,-2.2523],[-79.9625,-2.235],[-79.9399,-2.2354],[-79.9148,-2.2247],[-79.9087,-2.2555],[-79.9139,-2.2733],[-79.9055,-2.2834],[-79.8953,-2.2864],[-79.8712,-2.283],[-79.8733,-2.2779],[-79.8734,-2.2685],[-79.866,-2.2598],[-79.8863,-2.2291],[-79.8838,-2.2059],[-79.8736,-2.181],[-79.8801,-2.1306],[-79.8782,-2.1164],[-79.8948,-2.084],[-79.8915,-2.0685],[-79.8831,-2.0606],[-79.9095,-2.0528],[-79.9369,-2.0647],[-79.93,-2.0414],[-79.9654,-1.9992],[-79.9698,-1.9836],[-79.9921,-1.9639],[-80.0017,-1.9772]]]]},"properties":{"ciudad":"Guayaquil","provincia":"Guayas"}},
{"type":"Feature","geometry":{"type":"Polygon","coordinates":[[[-77.8328,-1.8621],[-77.8732,-1.8498],[-77.8932,-1.8562],[-77.9234,-1.8764],[-77.9341,-1.8845],[-77.9752,-1.884],[-78.0005,-1.9143],[-77.9992,-1.9334],[-78.009,-1.9485],[-78.0222,-1.9413],[-78.0598,-1.9367],[-78.0687,-1.9466],[-78.1048,-1.9366],[-78.1423,-1.9697],[-78.1691,-1.9763],[-78.1508,-2.0144],[-78.1097,-2.0244],[-78.0793,-2.0379],[-78.0401,-2.0605],[-78.0272,-2.075],[-78.0272,-2.1185],[-78.0046,-2.1137],[-77.9829,-2.1197],[-77.9642,-2.1142],[-77.9255,-2.0758],[-77.8978,-2.0716],[-77.8718,-2.0602],[-77.8585,-2.0317],[-77.8223,-2.0096],[-77.8241,-1.9948],[-77.7939,-1.996],[-77.7752,-1.9732],[-77.7946,-1.9525],[-77.7952,-1.9334],[-77.8188,-1.9267],[-77.8284,-1.8953],[-77.8265,-1.8711],[-77.8328,-1.8621]]]},"properties":{"ciudad":"Huamboya","provincia":"Morona Santiago"}},
{"type":"Feature","geometry":{"type":"Polygon","coordinates":[[[-80.1285,-3.4469],[-80.1341,-3.4253],[-80.1719,-3.4402],[-80.2222,-3.4462],[-80.2431,-3.4666],[-80.2293,-3.5019],[-80.2161,-3.5003],[-80.1514,-3.4683],[-80.1278,-3.4682],[-80.1285,-3.4469]]]},"properties":{"ciudad":"Huaquillas","provincia":"El Oro"}},
{"type":"Feature","geometry":{"type":"Polygon","coordinates":[[[-78.1805,0.2543],[-78.1659,0.2532],[-78.1442,0.2322],[-78.1238,0.2313],[-78.1388,0.1767],[-78.1483,0.1589],[-78.1069,0.1629],[-78.0895,0.1814],[-78.0693,0.1775],[-78.0564,0.1831],[-78.0347,0.176],[-78.0314,0.1883],[-78.0339,0.2318],[-78.0283,0.2673],[-78.0341,0.281],[-78.0163,0.2922],[-78.012,0.3245],[-77.9887,0.3394],[-77.9758,0.3744],[-77.9626,0.4333],[-77.9885,0.445],[-78.0021,0.4679],[-78.0133,0.4733],[-78.047,0.4711],[-78.0736,0.4753],[-78.0897,0.4787],[-78.1293,0.5305],[-78.1253,0.5708],[-78.1418,0.5899],[-78.1329,0.6105],[-78.1521,0.6257],[-78.1675,0.659],[-78.1874,0.6693],[-78.1978,0.6862],[-78.2043,0.718],[-78.2517,0.7516],[-78.2664,0.779],[-78.3094,0.7991],[-78.3273,0.8203],[-78.387,0.8253],[-78.4278,0.8603],[-78.438,0.874],[-78.4536,0.8759],[-78.4545,0.8455],[-78.4476,0.837],[-78.4427,0.8056],[-78.4592,0.7839],[-78.4387,0.7502],[-78.4001,0.729],[-78.379,0.7114],[-78.3676,0.7133],[-78.3498,0.6959],[-78.3358,0.6979],[-78.2944,0.6887],[-78.2848,0.665],[-78.2842,0.6258],[-78.2723,0.613],[-78.245,0.6018],[-78.2676,0.5647],[-78.2412,0.5569],[-78.2264,0.5659],[-78.2096,0.5567],[-78.1962,0.535],[-78.1767,0.5338],[-78.1517,0.5132],[-78.1697,0.4921],[-78.1527,0.4578],[-78.1228,0.4616],[-78.122,0.4337],[-78.1341,0.4019],[-78.1473,0.3796],[-78.1512,0.3569],[-78.1782,0.3591],[-78.1817,0.3278],[-78.1906,0.3092],[-78.1767,0.2762],[-78.1805,0.2543]]]},"properties":{"ciudad":"Ibarra","provincia":"Imbabura"}},
{"type":"Feature","geometry":{"type":"MultiPolygon","coordinates":[[[[-91.4582,-0.2613],[-91.4871,-0.2646],[-91.5089,-0.282],[-91.5331,-0.2839],[-91.5593,-0.2966],[-91.6186,-0.296],[-91.6563,-0.3042],[-91.6619,-0.3221],[-91.6534,-0.3398],[-91.6523,-0.3893],[-91.6477,-0.4084],[-91.6328,-0.4286],[-91.6252,-0.4523],[-91.6005,-0.4865],[-91.5577,-0.4899],[-91.5222,-0.4988],[-91.5137,-0.5055],[-91.4311,-0.4958],[-91.4033,-0.4759],[-91.3901,-0.4547],[-91.3915,-0.4243],[-91.3768,-0.3943],[-91.3805,-0.3491],[-91.4057,-0.2975],[-91.415,-0.2858],[-91.4582,-0.2613]]],[[[-91.343,0.1641],[-91.3613,0.1626],[-91.3669,0.1493],[-91.3911,0.1244],[-91.4178,0.1198],[-91.4425,0.1073],[-91.4732,0.1082],[-91.4905,0.0989],[-91.4991,0.0654],[-91.5219,0.0364],[-91.5869,0.007],[-91.5944,-0.0115],[-91.5747,-0.03],[-91.5682,-0.0478],[-91.5159,-0.0385],[-91.4705,-0.0146],[-91.4389,-0.0173],[-91.4188,-0.0306],[-91.405,-0.0618],[-91.4028,-0.1175],[-91.4047,-0.1631],[-91.3817,-0.2048],[-91.393,-0.2227],[-91.3808,-0.2679],[-91.366,-0.2735],[-91.364,-0.2886],[-91.3465,-0.3192],[-91.32,-0.3429],[-91.2847,-0.3523],[-91.2721,-0.374],[-91.2235,-0.3992],[-91.228,-0.4534],[-91.2205,-0.4774],[-91.1991,-0.4985],[-91.1727,-0.5137],[-91.1302,-0.5574],[-91.1014,-0.571],[-91.0847,-0.587],[-91.0728,-0.6112],[-91.0902,-0.6364],[-91.1166,-0.6386],[-91.1238,-0.6528],[-91.1425,-0.6544],[-91.1523,-0.676],[-91.1821,-0.6875],[-91.2103,-0.6683],[-91.2448,-0.6744],[-91.2498,-0.6878],[-91.3008,-0.6945],[-91.3201,-0.6906],[-91.3271,-0.7113],[-91.3672,-0.7413],[-91.3703,-0.7533],[-91.4098,-0.7703],[-91.4328,-0.7869],[-91.4542,-0.8204],[-91.4707,-0.8315],[-91.4997,-0.8625],[-91.5094,-0.8815],[-91.5117,-0.9062],[-91.5029,-0.9236],[-91.4853,-0.9398],[-91.4469,-0.9567],[-91.4411,-0.9993],[-91.3798,-1.0224],[-91.3484,-1.0146],[-91.2991,-1.0171],[-91.269,-1.0253],[-91.2286,-1.029],[-91.211,-1.0468],[-91.1827,-1.0444],[-91.1647,-1.0523],[-91.158,-1.0372],[-91.1224,-1.0179],[-91.0995,-1.0137],[-91.0263,-0.9881],[-91.017,-0.9888],[-90.9949,-0.9594],[-90.9721,-0.9564],[-90.9326,-0.9634],[-90.9048,-0.953],[-90.8831,-0.9149],[-90.8586,-0.918],[-90.8465,-0.91],[-90.8518,-0.8832],[-90.8385,-0.8584],[-90.84,-0.8351],[-90.8295,-0.8293],[-90.8247,-0.7908],[-90.7963,-0.7836],[-90.7806,-0.758],[-90.7923,-0.7402],[-90.8465,-0.7086],[-90.8548,-0.6605],[-90.8826,-0.643],[-90.8811,-0.6284],[-90.9047,-0.6101],[-90.921,-0.6247],[-90.9495,-0.6198],[-90.96,-0.6034],[-90.9525,-0.5804],[-90.9559,-0.5611],[-90.9484,-0.5413],[-90.9506,-0.5118],[-90.9422,-0.5035],[-90.9424,-0.4689],[-90.9515,-0.4435],[-90.9991,-0.3822],[-91.0185,-0.3647],[-91.0822,-0.3216],[-91.1072,-0.3091],[-91.1099,-0.2829],[-91.1222,-0.2681],[-91.1494,-0.2503],[-91.1764,-0.2205],[-91.1843,-0.2014],[-91.1934,-0.1483],[-91.1879,-0.1372],[-91.185,-0.0928],[-91.1983,-0.0216],[-91.2127,-0.0189],[-91.2253,0.0036],[-91.2735,0.0438],[-91.2934,0.0752],[-91.311,0.1338],[-91.3252,0.1375],[-91.343,0.1641]]]]},"properties":{"ciudad":"Isabela","provincia":"Galápagos"}},
{"type":"Feature","geometry":{"type":"Polygon","coordinates":[[[-80.0997,-2.0507],[-80.1005,-2.0213],[-80.1147,-2.0182],[-80.111,-1.9964],[-80.0929,-1.9884],[-80.0603,-1.9071],[-80.0772,-1.9096],[-80.0964,-1.8968],[-80.1115,-1.896],[-80.1186,-1.874],[-80.1025,-1.8502],[-80.0924,-1.8253],[-80.088,-1.7924],[-80.0769,-1.7871],[-80.0717,-1.7594],[-80.0882,-1.7523],[-80.101,-1.7349],[-80.1386,-1.7458],[-80.1525,-1.7576],[-80.1314,-1.7731],[-80.1208,-1.8001],[-80.1448,-1.8337],[-80.1498,-1.8678],[-80.1648,-1.8653],[-80.1907,-1.8793],[-80.2052,-1.9086],[-80.2349,-1.945],[-80.2602,-1.9494],[-80.256,-1.9851],[-80.2596,-2.0189],[-80.2538,-2.0327],[-80.264,-2.081],[-80.2573,-2.0963],[-80.2353,-2.1051],[-80.2051,-2.1001],[-80.1366,-2.1086],[-80.1255,-2.0908],[-80.1188,-2.0655],[-80.0997,-2.0507]]]},"properties":{"ciudad":"Isidro Ayora","provincia":"Guayas"}},
{"type":"Feature","geometry":{"type":"Polygon","coordinates":[[[-80.0829,-0.2364],[-80.1006,-0.2314],[-80.1103,-0.21],[-80.1013,-0.1671],[-80.1308,-0.1294],[-80.1099,-0.1175],[-80.1034,-0.0995],[-80.1163,-0.0719],[-80.1261,-0.063],[-80.1439,-0.0725],[-80.16,-0.0673],[-80.1773,-0.0759],[-80.2041,-0.1094],[-80.2344,-0.1388],[-80.2904,-0.185],[-80.3099,-0.1887],[-80.326,-0.1721],[-80.3398,-0.2034],[-80.3736,-0.2271],[-80.3835,-0.2418],[-80.3921,-0.2732],[-80.3711,-0.289],[-80.3639,-0.3227],[-80.3424,-0.3365],[-80.3167,-0.345],[-80.3096,-0.3672],[-80.2917,-0.3563],[-80.2747,-0.3352],[-80.2541,-0.3353],[-80.2445,-0.318],[-80.2245,-0.3245],[-80.2168,-0.3122],[-80.1937,-0.3017],[-80.1998,-0.2836],[-80.1808,-0.2783],[-80.1724,-0.2889],[-80.1477,-0.2781],[-80.1317,-0.2591],[-80.0804,-0.2478],[-80.0829,-0.2364]]]},"properties":{"ciudad":"Jama","provincia":"Manabí"}},
{"type":"Feature","geometry":{"type":"Polygon","coordinates":[[[-80.5852,-0.9279],[-80.6308,-0.9469],[-80.6507,-0.9408],[-80.6576,-0.9265],[-80.6684,-0.9324],[-80.6581,-0.9354],[-80.6692,-0.9649],[-80.6753,-0.9915],[-80.5975,-1.0057],[-80.5798,-1.0204],[-80.5395,-1.0198],[-80.5429,-0.9911],[-80.5644,-0.9526],[-80.5852,-0.9279]]]},"properties":{"ciudad":"Jaramijó","provincia":"Manabí"}},
{"type":"Feature","geometry":{"type":"Polygon","coordinates":[[[-80.5007,-1.218],[-80.5376,-1.2186],[-80.5362,-1.2007],[-80.5395,-1.1881],[-80.5688,-1.1756],[-80.5863,-1.1882],[-80.6233,-1.1886],[-80.6341,-1.2041],[-80.657,-1.2081],[-80.6788,-1.2011],[-80.694,-1.2119],[-80.7168,-1.2145],[-80.7268,-1.2229],[-80.7205,-1.2403],[-80.7279,-1.2695],[-80.7497,-1.2738],[-80.7769,-1.2935],[-80.756,-1.3211],[-80.74,-1.3527],[-80.7419,-1.371],[-80.7577,-1.3932],[-80.7408,-1.3829],[-80.7179,-1.3794],[-80.7125,-1.3961],[-80.6959,-1.4056],[-80.6829,-1.4332],[-80.6999,-1.4637],[-80.7082,-1.4955],[-80.7014,-1.5204],[-80.6779,-1.5521],[-80.6819,-1.5839],[-80.6693,-1.6277],[-80.6698,-1.6563],[-80.678,-1.6748],[-80.6535,-1.6735],[-80.6186,-1.7117],[-80.6192,-1.7295],[-80.6102,-1.7561],[-80.5871,-1.7843],[-80.5519,-1.7829],[-80.5547,-1.7995],[-80.5705,-1.8231],[-80.549,-1.8601],[-80.5294,-1.8471],[-80.5222,-1.8122],[-80.5346,-1.8045],[-80.527,-1.7831],[-80.5328,-1.7526],[-80.5266,-1.7357],[-80.5349,-1.7085],[-80.5255,-1.6847],[-80.5071,-1.6653],[-80.5236,-1.6311],[-80.5249,-1.5957],[-80.5711,-1.5709],[-80.5709,-1.5573],[-80.5437,-1.5544],[-80.5307,-1.5677],[-80.5186,-1.5599],[-80.5073,-1.5393],[-80.5204,-1.5134],[-80.4732,-1.5106],[-80.4494,-1.4931],[-80.4034,-1.493],[-80.4029,-1.4792],[-80.4513,-1.4292],[-80.4569,-1.4016],[-80.4209,-1.389],[-80.4329,-1.369],[-80.4494,-1.3704],[-80.4683,-1.3514],[-80.4744,-1.3288],[-80.4629,-1.3079],[-80.4716,-1.283],[-80.4964,-1.2746],[-80.4905,-1.2468],[-80.5007,-1.218]]]},"properties":{"ciudad":"Jipijapa","provincia":"Manabí"}},
{"type":"Feature","geometry":{"type":"Polygon","coordinates":[[[-80.2342,-0.8604],[-80.2533,-0.8609],[-80.2674,-0.8728],[-80.266,-0.888],[-80.292,-0.906],[-80.2834,-0.9339],[-80.297,-0.9472],[-80.2538,-0.9885],[-80.2511,-1.0021],[-80.2051,-1.0027],[-80.1988,-0.9892],[-80.1593,-0.9737],[-80.1347,-0.9879],[-80.1385,-1.0048],[-80.1108,-1.0199],[-80.0813,-0.9853],[-80.0655,-0.9751],[-80.0991,-0.9578],[-80.114,-0.957],[-80.1226,-0.9341],[-80.1211,-0.9168],[-80.1405,-0.9111],[-80.1644,-0.8946],[-80.1729,-0.8792],[-80.1943,-0.8881],[-80.2342,-0.8604]]]},"properties":{"ciudad":"Junín","provincia":"Manabí"}},
{"type":"Feature","geometry":{"type":"Polygon","coordinates":[[[-79.6026,-0.0592],[-79.5482,-0.1003],[-79.4868,-0.0971],[-79.4779,-0.1122],[-79.4371,-0.114],[-79.414,-0.1027],[-79.3839,-0.109],[-79.3526,-0.1085],[-79.3154,-0.0453],[-79.331,-0.0376],[-79.331,-0.0217],[-79.3049,-0.0121],[-79.2943,0.0172],[-79.3135,0.0138],[-79.3235,0.0212],[-79.3666,0.0214],[-79.407,0.0261],[-79.4205,0.0228],[-79.4242,0.005],[-79.4462,0.0046],[-79.459,-0.0085],[-79.4427,-0.0308],[-79.4619,-0.0384],[-79.4958,-0.0279],[-79.5524,-0.0248],[-79.5775,-0.019],[-79.6058,-0.0212],[-79.6156,-0.0351],[-79.6026,-0.0592]]]},"properties":{"ciudad":"La Concordia","provincia":"Esmeraldas"}},
{"type":"Feature","geometry":{"type":"Polygon","coordinates":[[[-77.1572,-0.0999],[-77.1281,-0.1191],[-77.1152,-0.1215],[-77.0976,-0.1561],[-77.0834,-0.1616],[-77.0696,-0.1895],[-77.055,-0.1994],[-77.0577,-0.2273],[-77.0512,-0.2751],[-77.0226,-0.3084],[-77.0154,-0.3378],[-76.9859,-0.354],[-76.9841,-0.3715],[-76.9927,-0.3886],[-76.949,-0.3885],[-76.9381,-0.4073],[-76.9359,-0.435],[-76.9224,-0.4423],[-76.9067,-0.4366],[-76.8836,-0.462],[-76.7983,-0.4387],[-76.7741,-0.4367],[-76.6962,-0.456],[-76.634,-0.4534],[-76.6174,-0.4474],[-76.6012,-0.4303],[-76.6279,-0.4289],[-76.6404,-0.4182],[-76.6335,-0.4041],[-76.6591,-0.3903],[-76.6685,-0.3771],[-76.6875,-0.3711],[-76.7018,-0.3519],[-76.7216,-0.3497],[-76.72,-0.3354],[-76.7444,-0.3118],[-76.7602,-0.2679],[-76.7682,-0.256],[-76.801,-0.2345],[-76.8073,-0.2195],[-76.8446,-0.182],[-76.8742,-0.1368],[-76.8752,-0.1278],[-76.9017,-0.1083],[-76.9046,-0.0844],[-76.9252,-0.0814],[-76.9334,-0.0595],[-76.9793,-0.0717],[-77.0163,-0.0992],[-77.0541,-0.1134],[-77.0942,-0.1111],[-77.117,-0.0965],[-77.1599,-0.0815],[-77.1572,-0.0999]]]},"properties":{"ciudad":"La Joya de Los Sachas","provincia":"Orellana"}},
{"type":"Feature","geometry":{"type":"Polygon","coordinates":[[[-80.8706,-2.2702],[-80.8687,-2.2443],[-80.8861,-2.2085],[-80.922,-2.2194],[-80.9206,-2.2479],[-80.8989,-2.2544],[-80.8706,-2.2702]]]},"properties":{"ciudad":"La Libertad","provincia":"Santa Elena"}},
{"type":"Feature","geometry":{"type":"Polygon","coordinates":[[[-79.1173,-0.8622],[-79.1041,-0.855],[-79.0954,-0.8347],[-79.0715,-0.8071],[-79.0439,-0.8192],[-79.0207,-0.82],[-79.0204,-0.7577],[-79.008,-0.7593],[-78.9934,-0.7461],[-79.0113,-0.7339],[-79.0169,-0.7181],[-79.0121,-0.6547],[-79.0162,-0.6272],[-79.0434,-0.5885],[-79.0726,-0.5766],[-79.0833,-0.5667],[-79.0973,-0.6041],[-79.1286,-0.649],[-79.1412,-0.7121],[-79.1602,-0.7429],[-79.1875,-0.7661],[-79.1859,-0.7982],[-79.2191,-0.81],[-79.2393,-0.8499],[-79.2411,-0.8745],[-79.2869,-0.8906],[-79.2872,-0.9118],[-79.3053,-0.9284],[-79.315,-0.9579],[-79.3187,-0.996],[-79.2924,-0.9875],[-79.2918,-1.0046],[-79.2249,-0.9927],[-79.1952,-0.9818],[-79.154,-0.9954],[-79.1227,-0.9765],[-79.1292,-0.9646],[-79.1642,-0.9576],[-79.1951,-0.9381],[-79.1654,-0.9122],[-79.1629,-0.8767],[-79.1549,-0.8604],[-79.1173,-0.8622]]]},"properties":{"ciudad":"La Maná","provincia":"Cotopaxi"}},
{"type":"Feature","geometry":{"type":"Polygon","coordinates":[[[-79.2616,-2.4587],[-79.2847,-2.4668],[-79.3021,-2.4028],[-79.3323,-2.3827],[-79.3353,-2.3728],[-79.3586,-2.3631],[-79.3936,-2.3583],[-79.415,-2.3358],[-79.42,-2.3592],[-79.4337,-2.3735],[-79.4186,-2.3781],[-79.4672,-2.4473],[-79.4761,-2.4635],[-79.5319,-2.4997],[-79.5158,-2.5195],[-79.4952,-2.5285],[-79.4813,-2.5219],[-79.4626,-2.501],[-79.4267,-2.4988],[-79.393,-2.498],[-79.3473,-2.5136],[-79.3279,-2.51],[-79.3039,-2.514],[-79.2755,-2.4973],[-79.2485,-2.5007],[-79.2513,-2.4615],[-79.2616,-2.4587]]]},"properties":{"ciudad":"La Troncal","provincia":"Cañar"}},
{"type":"Feature","geometry":{"type":"Polygon","coordinates":[[[-77.117,-0.0965],[-77.0942,-0.1111],[-77.0541,-0.1134],[-77.0163,-0.0992],[-76.9793,-0.0717],[-76.9334,-0.0595],[-76.9252,-0.0814],[-76.9046,-0.0844],[-76.8789,-0.0981],[-76.8588,-0.0979],[-76.8376,-0.1168],[-76.8021,-0.1187],[-76.7924,-0.1326],[-76.7459,-0.1121],[-76.7336,-0.1213],[-76.7017,-0.1105],[-76.6581,-0.091],[-76.658,-0.0079],[-76.6406,-0.0094],[-76.6267,-0.0307],[-76.6119,-0.0264],[-76.5945,-0.0645],[-76.5744,-0.06],[-76.5501,-0.0648],[-76.5317,-0.0889],[-76.514,-0.0904],[-76.5174,-0.0682],[-76.5147,-0.0341],[-76.482,-0.0244],[-76.4562,-0.0268],[-76.4391,-0.0119],[-76.3802,-0.0218],[-76.3837,0.0048],[-76.427,0.0392],[-76.4318,0.0566],[-76.4241,0.0685],[-76.439,0.0825],[-76.4303,0.1147],[-76.4143,0.1291],[-76.4028,0.1288],[-76.3646,0.1454],[-76.3504,0.1652],[-76.3151,0.1652],[-76.2932,0.1742],[-76.2774,0.2037],[-76.2571,0.2016],[-76.2573,0.2231],[-76.3067,0.2349],[-76.3284,0.2142],[-76.3554,0.2237],[-76.3835,0.252],[-76.3944,0.2394],[-76.4121,0.2416],[-76.4479,0.2392],[-76.4881,0.2417],[-76.5038,0.2364],[-76.5351,0.2593],[-76.5682,0.2438],[-76.5809,0.2219],[-76.6081,0.2337],[-76.6181,0.254],[-76.6537,0.2666],[-76.701,0.2783],[-76.7118,0.2688],[-76.7333,0.2887],[-76.7654,0.2639],[-76.7966,0.2645],[-76.8215,0.2556],[-76.8455,0.2391],[-76.8799,0.252],[-76.9057,0.2458],[-76.9443,0.2696],[-76.9649,0.2737],[-76.9854,0.2683],[-77.015,0.2908],[-77.0274,0.277],[-77.0479,0.2929],[-77.0554,0.284],[-77.0788,0.2875],[-77.0822,0.3175],[-77.0959,0.3267],[-77.1069,0.3465],[-77.1133,0.372],[-77.132,0.3789],[-77.149,0.3757],[-77.1665,0.3896],[-77.1798,0.3905],[-77.2014,0.3687],[-77.2152,0.3652],[-77.2315,0.3402],[-77.2321,0.3229],[-77.2095,0.3129],[-77.211,0.3005],[-77.1885,0.2871],[-77.1504,0.2848],[-77.1617,0.2612],[-77.1718,0.2714],[-77.1863,0.2499],[-77.1882,0.2234],[-77.11,0.1871],[-77.0952,0.0869],[-77.0953,0.0376],[-77.0773,0.0465],[-77.041,0.0419],[-77.041,-0.0225],[-77.0497,-0.0369],[-77.0436,-0.0524],[-77.065,-0.0689],[-77.0874,-0.0788],[-77.117,-0.084],[-77.117,-0.0965]]]},"properties":{"ciudad":"Lago Agrio","provincia":"Sucumbíos"}},
{"type":"Feature","geometry":{"type":"Polygon","coordinates":[[[-80.1929,-3.7741],[-80.1593,-3.8089],[-80.1631,-3.8278],[-80.1531,-3.8484],[-80.1588,-3.8701],[-80.1275,-3.8885],[-80.1097,-3.8891],[-80.0702,-3.879],[-80.0328,-3.874],[-79.9983,-3.8565],[-79.986,-3.8422],[-80.0012,-3.7896],[-79.97,-3.7448],[-79.9646,-3.723],[-79.9759,-3.7122],[-79.9997,-3.712],[-80.0402,-3.7226],[-80.0586,-3.7328],[-80.0931,-3.7432],[-80.1095,-3.7552],[-80.1235,-3.7818],[-80.1397,-3.7819],[-80.1525,-3.7674],[-80.1687,-3.7741],[-80.1929,-3.7741]]]},"properties":{"ciudad":"Las Lajas","provincia":"El Oro"}},
{"type":"Feature","geometry":{"type":"Polygon","coordinates":[[[-79.2633,-1.3521],[-79.2137,-1.3375],[-79.1985,-1.3275],[-79.2006,-1.3145],[-79.2233,-1.3166],[-79.2366,-1.2825],[-79.2783,-1.2516],[-79.2911,-1.2344],[-79.2801,-1.2249],[-79.2802,-1.2063],[-79.2899,-1.2053],[-79.3067,-1.2069],[-79.3326,-1.2242],[-79.3493,-1.2662],[-79.3743,-1.3078],[-79.3948,-1.3232],[-79.3628,-1.3245],[-79.3533,-1.2984],[-79.3326,-1.2963],[-79.3223,-1.3222],[-79.2736,-1.3376],[-79.2784,-1.3547],[-79.2633,-1.3521]]]},"properties":{"ciudad":"Las Naves","provincia":"Bolívar"}},
{"type":"Feature","geometry":{"type":"Polygon","coordinates":[[[-78.4219,-0.7169],[-78.4355,-0.6839],[-78.4625,-0.6592],[-78.4841,-0.6535],[-78.4994,-0.6393],[-78.4974,-0.6289],[-78.511,-0.6081],[-78.5432,-0.6017],[-78.5814,-0.6153],[-78.6102,-0.5999],[-78.6416,-0.6218],[-78.6697,-0.6561],[-78.7152,-0.6631],[-78.7205,-0.6492],[-78.7676,-0.6355],[-78.7883,-0.6683],[-78.8125,-0.6809],[-78.8296,-0.7027],[-78.8362,-0.7373],[-78.8329,-0.758],[-78.8141,-0.7762],[-78.7908,-0.7716],[-78.7781,-0.7809],[-78.77,-0.7559],[-78.6999,-0.7534],[-78.6911,-0.7768],[-78.6776,-0.7949],[-78.6609,-0.834],[-78.6406,-0.8436],[-78.6518,-0.8566],[-78.6842,-0.8543],[-78.7023,-0.8663],[-78.7215,-0.8598],[-78.7372,-0.8815],[-78.7725,-0.8749],[-78.7953,-0.9244],[-78.7547,-0.9073],[-78.7472,-0.9092],[-78.7162,-0.8927],[-78.6986,-0.8895],[-78.6787,-0.9006],[-78.6782,-0.9353],[-78.6669,-0.9358],[-78.6526,-0.9793],[-78.622,-0.9926],[-78.6128,-1.0052],[-78.5864,-1.0056],[-78.5733,-1.0128],[-78.5626,-0.9972],[-78.4918,-0.9726],[-78.4758,-0.9595],[-78.4015,-0.9594],[-78.4099,-0.9466],[-78.4115,-0.9237],[-78.4273,-0.8884],[-78.4196,-0.8779],[-78.3827,-0.8599],[-78.3886,-0.804],[-78.3975,-0.7656],[-78.3912,-0.75],[-78.4009,-0.7319],[-78.4219,-0.7169]]]},"properties":{"ciudad":"Latacunga","provincia":"Cotopaxi"}},
{"type":"Feature","geometry":{"type":"Polygon","coordinates":[[[-78.6734,-3.0606],[-78.6793,-3.0678],[-78.6635,-3.0731],[-78.614,-3.0658],[-78.5642,-3.0413],[-78.5504,-3.0242],[-78.5219,-3.018],[-78.491,-3.0259],[-78.5057,-3.0553],[-78.5002,-3.0659],[-78.4874,-3.1357],[-78.456,-3.1612],[-78.4313,-3.1702],[-78.4192,-3.1502],[-78.3751,-3.1658],[-78.355,-3.2057],[-78.2223,-3.2055],[-78.2148,-3.2296],[-78.2255,-3.2429],[-78.2366,-3.2882],[-78.2284,-3.3107],[-78.2019,-3.3108],[-78.1804,-3.2922],[-78.1519,-3.2838],[-78.1468,-3.2719],[-78.0945,-3.2474],[-78.0867,-3.2303],[-78.0649,-3.2255],[-78.0544,-3.2074],[-78.0418,-3.2079],[-78.0326,-3.1884],[-78.0438,-3.1674],[-78.0615,-3.1687],[-78.0626,-3.1486],[-78.101,-3.1407],[-78.1109,-3.145],[-78.1364,-3.1395],[-78.149,-3.1182],[-78.1507,-3.0893],[-78.1292,-3.0825],[-78.1266,-3.0575],[-78.1488,-3.0394],[-78.1824,-3.0296],[-78.215,-3.0331],[-78.2195,-2.9987],[-78.2284,-2.9819],[-78.237,-2.97],[-78.2575,-2.9146],[-78.2454,-2.8804],[-78.2491,-2.8177],[-78.2639,-2.8196],[-78.2973,-2.8059],[-78.3322,-2.8294],[-78.3466,-2.8111],[-78.3806,-2.8149],[-78.394,-2.7963],[-78.4156,-2.798],[-78.4342,-2.8117],[-78.4373,-2.8279],[-78.4543,-2.8594],[-78.4585,-2.8817],[-78.5083,-2.8801],[-78.5326,-2.8897],[-78.5536,-2.9043],[-78.5706,-2.9029],[-78.6026,-2.9137],[-78.6156,-2.8989],[-78.6323,-2.9147],[-78.6319,-2.9382],[-78.6317,-2.97],[-78.6533,-2.9869],[-78.6571,-3.0052],[-78.6753,-3.0295],[-78.6734,-3.0606]]]},"properties":{"ciudad":"Limón Indanza","provincia":"Morona Santiago"}},
{"type":"Feature","geometry":{"type":"Polygon","coordinates":[[[-78.0201,-2.6211],[-78.0358,-2.6291],[-78.042,-2.6007],[-78.0786,-2.5739],[-78.0997,-2.5739],[-78.1079,-2.6174],[-78.1278,-2.6103],[-78.1471,-2.6116],[-78.1528,-2.5918],[-78.1822,-2.6011],[-78.2002,-2.5879],[-78.2108,-2.5684],[-78.2312,-2.5486],[-78.2481,-2.5587],[-78.2542,-2.5745],[-78.2416,-2.5961],[-78.2395,-2.6159],[-78.2483,-2.6353],[-78.2335,-2.6392],[-78.2002,-2.6675],[-78.2011,-2.6853],[-78.1807,-2.7239],[-78.1821,-2.7385],[-78.1419,-2.732],[-78.0971,-2.7514],[-78.1107,-2.7739],[-78.1076,-2.7881],[-78.1194,-2.8001],[-78.1235,-2.8228],[-78.1592,-2.844],[-78.1511,-2.869],[-78.1539,-2.8917],[-78.1452,-2.9137],[-78.1269,-2.9657],[-78.1134,-2.9798],[-78.0888,-2.9794],[-78.0406,-2.958],[-78.0068,-2.9704],[-77.995,-2.9554],[-77.9756,-2.9623],[-77.9649,-2.9436],[-77.9459,-2.9493],[-77.9372,-2.927],[-77.9224,-2.9334],[-77.8997,-2.902],[-77.8991,-2.8627],[-77.8941,-2.8529],[-77.9016,-2.8387],[-77.8937,-2.8253],[-77.8906,-2.7932],[-77.8947,-2.7629],[-77.888,-2.7243],[-77.8895,-2.6978],[-77.8842,-2.6714],[-77.9037,-2.6313],[-77.9427,-2.6327],[-77.9772,-2.611],[-77.9998,-2.6215],[-78.0201,-2.6211]]]},"properties":{"ciudad":"Logroño","provincia":"Morona Santiago"}},
{"type":"Feature","geometry":{"type":"Polygon","coordinates":[[[-79.3243,-4.1868],[-79.3302,-4.2205],[-79.3411,-4.2411],[-79.3315,-4.2774],[-79.331,-4.3029],[-79.3206,-4.3226],[-79.3318,-4.3387],[-79.3159,-4.3541],[-79.3111,-4.3729],[-79.3181,-4.4008],[-79.3078,-4.4486],[-79.3158,-4.457],[-79.3096,-4.493],[-79.3247,-4.5053],[-79.2959,-4.4918],[-79.2908,-4.4767],[-79.2715,-4.4736],[-79.2633,-4.4875],[-79.2497,-4.4827],[-79.2253,-4.4925],[-79.2088,-4.5108],[-79.1958,-4.4805],[-79.1683,-4.4754],[-79.1421,-4.4335],[-79.1211,-4.4265],[-79.1106,-4.4037],[-79.1141,-4.3876],[-79.1074,-4.3648],[-79.1144,-4.3422],[-79.1088,-4.3326],[-79.1207,-4.3086],[-79.1072,-4.2882],[-79.1144,-4.2673],[-79.1052,-4.2538],[-79.1069,-4.2291],[-79.1074,-4.1849],[-79.1346,-4.1614],[-79.1587,-4.154],[-79.1623,-4.115],[-79.1528,-4.0666],[-79.1395,-4.0565],[-79.1364,-4.0351],[-79.1458,-4.018],[-79.1432,-3.9739],[-79.1513,-3.9643],[-79.1396,-3.9498],[-79.1522,-3.931],[-79.1434,-3.9027],[-79.1289,-3.889],[-79.1434,-3.8221],[-79.161,-3.8144],[-79.1736,-3.7972],[-79.1793,-3.764],[-79.1902,-3.7532],[-79.1953,-3.725],[-79.2002,-3.7126],[-79.2309,-3.6858],[-79.2471,-3.6839],[-79.2604,-3.6723],[-79.2792,-3.6903],[-79.2888,-3.6856],[-79.3062,-3.6981],[-79.3184,-3.7212],[-79.3347,-3.6934],[-79.3497,-3.6955],[-79.3581,-3.6808],[-79.3734,-3.6801],[-79.3738,-3.6804],[-79.3828,-3.7001],[-79.4152,-3.7242],[-79.4039,-3.7521],[-79.4052,-3.7836],[-79.4265,-3.7922],[-79.4441,-3.8125],[-79.4723,-3.8022],[-79.4886,-3.8033],[-79.5001,-3.7896],[-79.5167,-3.7884],[-79.5463,-3.7984],[-79.5156,-3.8338],[-79.4926,-3.8386],[-79.4668,-3.8518],[-79.4413,-3.8841],[-79.4208,-3.8948],[-79.4028,-3.9172],[-79.3907,-3.8886],[-79.368,-3.8822],[-79.3281,-3.9085],[-79.3185,-3.9466],[-79.328,-3.9705],[-79.309,-3.987],[-79.2813,-3.9929],[-79.2672,-3.9887],[-79.2573,-4.0109],[-79.2378,-4.0349],[-79.2275,-4.0689],[-79.224,-4.1207],[-79.254,-4.1469],[-79.2704,-4.1459],[-79.2827,-4.1599],[-79.299,-4.1626],[-79.307,-4.1782],[-79.3243,-4.1868]]]},"properties":{"ciudad":"Loja","provincia":"Loja"}},
{"type":"Feature","geometry":{"type":"Polygon","coordinates":[[[-80.0505,-1.7875],[-80.0637,-1.7805],[-80.0717,-1.7594],[-80.0769,-1.7871],[-80.088,-1.7924],[-80.0924,-1.8253],[-80.1025,-1.8502],[-80.1186,-1.874],[-80.1115,-1.896],[-80.0964,-1.8968],[-80.0772,-1.9096],[-80.0603,-1.9071],[-80.0491,-1.881],[-80.0636,-1.8733],[-80.0509,-1.8419],[-80.0632,-1.8381],[-80.0679,-1.8212],[-80.0505,-1.7875]]]},"properties":{"ciudad":"Lomas de Sargentillo","provincia":"Guayas"}},
{"type":"Feature","geometry":{"type":"Polygon","coordinates":[[[-77.5343,-0.8002],[-77.525,-0.8198],[-77.5366,-0.8461],[-77.5364,-0.8693],[-77.5497,-0.8802],[-77.5518,-0.8996],[-77.5782,-0.912],[-77.5882,-0.9298],[-77.5157,-0.9507],[-77.4849,-0.9363],[-77.4439,-0.8961],[-77.4255,-0.9022],[-77.4179,-0.8898],[-77.4025,-0.8964],[-77.3727,-0.8827],[-77.37,-0.8705],[-77.2937,-0.8384],[-77.2778,-0.8378],[-77.2639,-0.8139],[-77.2218,-0.7716],[-77.2112,-0.7736],[-77.1898,-0.7548],[-77.1637,-0.7073],[-77.1463,-0.6971],[-77.1245,-0.6951],[-77.1314,-0.6813],[-77.11,-0.612],[-77.0979,-0.5966],[-77.1005,-0.5797],[-77.0847,-0.5673],[-77.0824,-0.5473],[-77.1213,-0.5123],[-77.1386,-0.4919],[-77.1353,-0.4648],[-77.1555,-0.4609],[-77.1789,-0.4404],[-77.1948,-0.4409],[-77.2317,-0.4179],[-77.2461,-0.398],[-77.246,-0.376],[-77.2697,-0.3753],[-77.3015,-0.346],[-77.3177,-0.3575],[-77.3266,-0.3787],[-77.3226,-0.4058],[-77.3311,-0.4251],[-77.3531,-0.4191],[-77.3651,-0.4288],[-77.3709,-0.4574],[-77.382,-0.4622],[-77.3906,-0.4943],[-77.4175,-0.5043],[-77.4322,-0.5209],[-77.4796,-0.4968],[-77.5284,-0.4761],[-77.547,-0.4526],[-77.5711,-0.4626],[-77.5671,-0.4854],[-77.5787,-0.5016],[-77.6091,-0.5202],[-77.6275,-0.5414],[-77.6232,-0.5572],[-77.5945,-0.568],[-77.588,-0.5957],[-77.5761,-0.6127],[-77.5349,-0.6212],[-77.5246,-0.6491],[-77.5251,-0.6694],[-77.4966,-0.702],[-77.5135,-0.728],[-77.5284,-0.7418],[-77.5427,-0.793],[-77.5343,-0.8002]]]},"properties":{"ciudad":"Loreto","provincia":"Orellana"}},
{"type":"Feature","geometry":{"type":"Polygon","coordinates":[[[-80.1302,-4.2671],[-80.1416,-4.2859],[-80.1227,-4.2944],[-80.0616,-4.3105],[-80.0521,-4.3306],[-80.0348,-4.349],[-80.0142,-4.3573],[-79.9919,-4.3807],[-79.9775,-4.3793],[-79.9593,-4.3956],[-79.9287,-4.3937],[-79.9194,-4.3859],[-79.8837,-4.4105],[-79.8703,-4.4141],[-79.8573,-4.4332],[-79.853,-4.4519],[-79.8402,-4.4681],[-79.8117,-4.4913],[-79.7923,-4.4938],[-79.7509,-4.4837],[-79.7538,-4.4603],[-79.7717,-4.4265],[-79.7863,-4.4081],[-79.7942,-4.3666],[-79.8016,-4.3489],[-79.8353,-4.345],[-79.8444,-4.2997],[-79.8524,-4.2871],[-79.8539,-4.2357],[-79.8672,-4.2131],[-79.8838,-4.2046],[-79.9294,-4.2155],[-79.9539,-4.2109],[-79.9592,-4.2285],[-79.974,-4.2343],[-79.9911,-4.227],[-80.0201,-4.2339],[-80.0407,-4.2314],[-80.0659,-4.2419],[-80.078,-4.2607],[-80.1022,-4.2661],[-80.1198,-4.2771],[-80.1302,-4.2671]]]},"properties":{"ciudad":"Macará","provincia":"Loja"}},
{"type":"Feature","geometry":{"type":"Polygon","coordinates":[[[-79.9457,-3.2241],[-79.9425,-3.1975],[-79.9524,-3.192],[-79.9768,-3.2104],[-79.9846,-3.2372],[-80.0014,-3.2457],[-80.0022,-3.2725],[-80.0304,-3.3153],[-80.0339,-3.3477],[-80.0077,-3.3713],[-79.9952,-3.3908],[-80.0077,-3.4036],[-79.994,-3.4066],[-79.9898,-3.4136],[-79.9852,-3.4274],[-79.9622,-3.4356],[-79.9125,-3.4263],[-79.8994,-3.4022],[-79.8978,-3.3871],[-79.8839,-3.3823],[-79.8971,-3.3694],[-79.8862,-3.3472],[-79.8625,-3.3367],[-79.8734,-3.307],[-79.8545,-3.2997],[-79.8423,-3.2785],[-79.8674,-3.2685],[-79.8726,-3.2572],[-79.9175,-3.2303],[-79.9384,-3.2325],[-79.9457,-3.2241]]]},"properties":{"ciudad":"Machala","provincia":"El Oro"}},
{"type":"Feature","geometry":{"type":"Polygon","coordinates":[[[-80.6684,-0.9324],[-80.7053,-0.95],[-80.726,-0.9397],[-80.7639,-0.9436],[-80.7809,-0.9553],[-80.8045,-0.96],[-80.8293,-0.9557],[-80.8424,-0.9795],[-80.8617,-0.9963],[-80.8726,-1.0171],[-80.8911,-1.0366],[-80.9014,-1.0382],[-80.9125,-1.0583],[-80.884,-1.1342],[-80.8593,-1.126],[-80.832,-1.1265],[-80.8225,-1.1158],[-80.8231,-1.0983],[-80.7837,-1.098],[-80.7833,-1.0792],[-80.7655,-1.0681],[-80.7662,-1.047],[-80.7263,-1.0168],[-80.7131,-0.9962],[-80.6852,-0.9821],[-80.6692,-0.9649],[-80.6581,-0.9354],[-80.6684,-0.9324]]]},"properties":{"ciudad":"Manta","provincia":"Manabí"}},
{"type":"Feature","geometry":{"type":"Polygon","coordinates":[[[-79.9646,-3.723],[-79.97,-3.7448],[-80.0012,-3.7896],[-79.986,-3.8422],[-79.9544,-3.8282],[-79.9356,-3.832],[-79.8976,-3.828],[-79.8725,-3.8209],[-79.869,-3.7842],[-79.8495,-3.7585],[-79.8811,-3.747],[-79.9139,-3.74],[-79.9249,-3.7177],[-79.9535,-3.7063],[-79.9646,-3.723]]]},"properties":{"ciudad":"Marcabelí","provincia":"El Oro"}},
{"type":"Feature","geometry":{"type":"Polygon","coordinates":[[[-78.3122,-0.5884],[-78.3297,-0.589],[-78.3667,-0.548],[-78.4064,-0.5599],[-78.4267,-0.5712],[-78.4319,-0.5474],[-78.4258,-0.5232],[-78.4326,-0.4859],[-78.461,-0.5063],[-78.4661,-0.4815],[-78.4829,-0.4724],[-78.4799,-0.4572],[-78.4939,-0.4425],[-78.5099,-0.4083],[-78.5211,-0.3978],[-78.509,-0.3648],[-78.5447,-0.3621],[-78.5577,-0.3558],[-78.5915,-0.3524],[-78.6359,-0.3614],[-78.6615,-0.3601],[-78.681,-0.3215],[-78.7316,-0.3198],[-78.7465,-0.2772],[-78.7735,-0.2787],[-78.7742,-0.2979],[-78.8071,-0.3247],[-78.8174,-0.3412],[-78.8454,-0.3483],[-78.8639,-0.3453],[-78.8675,-0.3315],[-78.8987,-0.3355],[-78.9288,-0.3136],[-78.9406,-0.3314],[-78.9184,-0.34],[-78.9069,-0.3615],[-78.9163,-0.3675],[-78.8891,-0.4092],[-78.8706,-0.4178],[-78.8566,-0.4649],[-78.8392,-0.4768],[-78.833,-0.4996],[-78.8342,-0.5209],[-78.8121,-0.5366],[-78.7906,-0.5425],[-78.7781,-0.5382],[-78.733,-0.5594],[-78.7281,-0.5873],[-78.739,-0.6215],[-78.7205,-0.6492],[-78.7152,-0.6631],[-78.6697,-0.6561],[-78.6416,-0.6218],[-78.6102,-0.5999],[-78.5814,-0.6153],[-78.5432,-0.6017],[-78.511,-0.6081],[-78.4974,-0.6289],[-78.4994,-0.6393],[-78.4841,-0.6535],[-78.4625,-0.6592],[-78.4355,-0.6839],[-78.4219,-0.7169],[-78.3985,-0.6986],[-78.3914,-0.6775],[-78.3552,-0.6698],[-78.3325,-0.6588],[-78.3213,-0.6256],[-78.327,-0.6136],[-78.3122,-0.5884]]]},"properties":{"ciudad":"Mejia","provincia":"Pichincha"}},
{"type":"Feature","geometry":{"type":"Polygon","coordinates":[[[-78.178,-1.448],[-78.1254,-1.4541],[-78.0803,-1.4982],[-78.0634,-1.5275],[-78.0584,-1.5668],[-78.0492,-1.5834],[-78.0371,-1.6304],[-78.0205,-1.6765],[-78.0097,-1.6776],[-77.9696,-1.6673],[-77.9424,-1.6526],[-77.9235,-1.6567],[-77.9219,-1.6411],[-77.9416,-1.6373],[-77.9646,-1.6074],[-77.9688,-1.5832],[-77.9892,-1.5812],[-78.0118,-1.5675],[-78.0216,-1.5043],[-78.0568,-1.4441],[-78.0501,-1.4073],[-78.0225,-1.3947],[-78.0181,-1.3765],[-78.0011,-1.3611],[-77.9952,-1.3197],[-77.9738,-1.3096],[-77.97,-1.2931],[-77.9602,-1.2743],[-77.9665,-1.2242],[-78.0149,-1.2245],[-78.0247,-1.237],[-78.0514,-1.2483],[-78.0973,-1.2256],[-78.1111,-1.2332],[-78.123,-1.2224],[-78.1188,-1.3007],[-78.115,-1.3208],[-78.1173,-1.3507],[-78.1253,-1.3786],[-78.1472,-1.3971],[-78.1516,-1.4304],[-78.1694,-1.4359],[-78.178,-1.448]]]},"properties":{"ciudad":"Mera","provincia":"Pastaza"}},
{"type":"Feature","geometry":{"type":"Polygon","coordinates":[[[-79.6044,-1.9882],[-79.6394,-2.0599],[-79.6367,-2.0846],[-79.6275,-2.0903],[-79.6491,-2.1113],[-79.6602,-2.1388],[-79.686,-2.149],[-79.6666,-2.16],[-79.6562,-2.157],[-79.6353,-2.1763],[-79.6245,-2.1784],[-79.6048,-2.2053],[-79.58,-2.2242],[-79.5442,-2.2328],[-79.5356,-2.2444],[-79.5139,-2.2395],[-79.4976,-2.2295],[-79.4988,-2.1535],[-79.48,-2.1493],[-79.4582,-2.156],[-79.4596,-2.1063],[-79.4498,-2.0994],[-79.4692,-2.111],[-79.4743,-2.0625],[-79.5232,-2.0371],[-79.5206,-2.0131],[-79.5255,-2.0062],[-79.5198,-1.9672],[-79.5589,-2.0289],[-79.5744,-2.0195],[-79.6044,-1.9882]]]},"properties":{"ciudad":"Milagro","provincia":"Guayas"}},
{"type":"Feature","geometry":{"type":"Polygon","coordinates":[[[-77.9864,0.5658],[-78.0174,0.5656],[-78.031,0.5718],[-78.0222,0.6015],[-78.0067,0.6191],[-78.0148,0.6342],[-78.0511,0.6516],[-78.0377,0.6735],[-78.0461,0.7163],[-78.0559,0.7379],[-78.0698,0.7091],[-78.0606,0.6923],[-78.1042,0.683],[-78.1358,0.7009],[-78.1715,0.7083],[-78.2238,0.7726],[-78.215,0.8083],[-78.1957,0.8136],[-78.1786,0.8334],[-78.1868,0.8425],[-78.2114,0.8454],[-78.2264,0.8362],[-78.2482,0.865],[-78.2762,0.8614],[-78.2947,0.8679],[-78.2998,0.8826],[-78.3242,0.8911],[-78.3333,0.9025],[-78.3503,0.9013],[-78.3621,0.9487],[-78.385,0.958],[-78.4147,0.9265],[-78.427,0.9249],[-78.4347,0.8933],[-78.46,0.8836],[-78.4536,0.8759],[-78.438,0.874],[-78.4278,0.8603],[-78.387,0.8253],[-78.3273,0.8203],[-78.3094,0.7991],[-78.2664,0.779],[-78.2517,0.7516],[-78.2043,0.718],[-78.1978,0.6862],[-78.1874,0.6693],[-78.1675,0.659],[-78.1521,0.6257],[-78.1329,0.6105],[-78.1418,0.5899],[-78.1253,0.5708],[-78.1293,0.5305],[-78.0897,0.4787],[-78.0736,0.4753],[-78.0524,0.4958],[-78.0361,0.5249],[-78.0262,0.525],[-78.0102,0.5506],[-77.9864,0.5658]]]},"properties":{"ciudad":"Mira","provincia":"Carchi"}},
{"type":"Feature","geometry":{"type":"Polygon","coordinates":[[[-79.718,-1.1793],[-79.7008,-1.1892],[-79.6621,-1.1862],[-79.6479,-1.2098],[-79.6669,-1.2288],[-79.6385,-1.2295],[-79.6217,-1.2236],[-79.5989,-1.261],[-79.5853,-1.2599],[-79.5683,-1.2825],[-79.5781,-1.3287],[-79.5548,-1.3291],[-79.5228,-1.3076],[-79.517,-1.3284],[-79.4733,-1.3264],[-79.4456,-1.3291],[-79.4546,-1.3],[-79.4541,-1.2784],[-79.4392,-1.2276],[-79.4431,-1.2183],[-79.4273,-1.1934],[-79.4318,-1.1783],[-79.4508,-1.1642],[-79.4656,-1.1388],[-79.4472,-1.1011],[-79.4655,-1.0837],[-79.4886,-1.072],[-79.5021,-1.0784],[-79.5522,-1.0871],[-79.6016,-1.0771],[-79.6166,-1.0639],[-79.6229,-1.079],[-79.6405,-1.0928],[-79.6509,-1.1145],[-79.6838,-1.1228],[-79.6873,-1.1499],[-79.7155,-1.1531],[-79.718,-1.1793]]]},"properties":{"ciudad":"Mocache","provincia":"Los Ríos"}},
{"type":"Feature","geometry":{"type":"Polygon","coordinates":[[[-78.7687,-1.434],[-78.7359,-1.4566],[-78.7265,-1.4697],[-78.7156,-1.47],[-78.6973,-1.4482],[-78.6182,-1.3985],[-78.6121,-1.3749],[-78.643,-1.3583],[-78.649,-1.3939],[-78.6771,-1.3992],[-78.7164,-1.3943],[-78.7402,-1.4014],[-78.7552,-1.4074],[-78.7687,-1.434]]]},"properties":{"ciudad":"Mocha","provincia":"Tungurahua"}},
{"type":"Feature","geometry":{"type":"Polygon","coordinates":[[[-79.2589,-1.937],[-79.2503,-1.9246],[-79.2434,-1.8949],[-79.2463,-1.8583],[-79.2304,-1.8494],[-79.2453,-1.8255],[-79.2489,-1.7873],[-79.2416,-1.77],[-79.2086,-1.7461],[-79.2284,-1.7395],[-79.2627,-1.7087],[-79.2531,-1.6909],[-79.2584,-1.6726],[-79.2912,-1.6693],[-79.3092,-1.697],[-79.3051,-1.7393],[-79.3407,-1.7565],[-79.3509,-1.7472],[-79.3742,-1.7451],[-79.3852,-1.7553],[-79.3891,-1.779],[-79.4184,-1.7948],[-79.4363,-1.7913],[-79.4535,-1.8037],[-79.457,-1.8206],[-79.4196,-1.8598],[-79.3975,-1.8599],[-79.3603,-1.8702],[-79.3441,-1.8699],[-79.3296,-1.8923],[-79.289,-1.8926],[-79.2589,-1.937]]]},"properties":{"ciudad":"Montalvo","provincia":"Los Ríos"}},
{"type":"Feature","geometry":{"type":"Polygon","coordinates":[[[-80.6692,-0.9649],[-80.6852,-0.9821],[-80.7131,-0.9962],[-80.7263,-1.0168],[-80.7662,-1.047],[-80.7655,-1.0681],[-80.7833,-1.0792],[-80.7837,-1.098],[-80.8231,-1.0983],[-80.8225,-1.1158],[-80.832,-1.1265],[-80.8593,-1.126],[-80.884,-1.1342],[-80.8776,-1.1569],[-80.8508,-1.2058],[-80.7898,-1.2811],[-80.7769,-1.2935],[-80.7497,-1.2738],[-80.7279,-1.2695],[-80.7205,-1.2403],[-80.7268,-1.2229],[-80.7168,-1.2145],[-80.694,-1.2119],[-80.6788,-1.2011],[-80.657,-1.2081],[-80.6341,-1.2041],[-80.6233,-1.1886],[-80.5863,-1.1882],[-80.5688,-1.1756],[-80.5395,-1.1881],[-80.533,-1.169],[-80.5495,-1.1477],[-80.5519,-1.1084],[-80.5186,-1.0991],[-80.5463,-1.0628],[-80.5395,-1.0198],[-80.5798,-1.0204],[-80.5975,-1.0057],[-80.6753,-0.9915],[-80.6692,-0.9649]]]},"properties":{"ciudad":"Montecristi","provincia":"Manabí"}},
{"type":"Feature","geometry":{"type":"Polygon","coordinates":[[[-77.807,0.4269],[-77.7945,0.4347],[-77.7711,0.4735],[-77.7604,0.4803],[-77.7516,0.5051],[-77.7198,0.5327],[-77.7101,0.5479],[-77.6786,0.5616],[-77.6635,0.5945],[-77.7013,0.5668],[-77.7261,0.5675],[-77.7455,0.5881],[-77.7462,0.6072],[-77.766,0.604],[-77.7924,0.6299],[-77.7879,0.6474],[-77.8005,0.6622],[-77.7995,0.6801],[-77.8235,0.7098],[-77.8427,0.7014],[-77.8545,0.6879],[-77.8783,0.6772],[-77.8855,0.6423],[-77.8954,0.6184],[-77.9144,0.6055],[-77.9183,0.5885],[-77.8852,0.5629],[-77.8702,0.4827],[-77.8597,0.4872],[-77.841,0.4553],[-77.8286,0.4496],[-77.807,0.4269]]]},"properties":{"ciudad":"Montúfar","provincia":"Carchi"}},
{"type":"Feature","geometry":{"type":"Polygon","coordinates":[[[-78.4977,-2.5033],[-78.4741,-2.5037],[-78.4505,-2.4934],[-78.4405,-2.5033],[-78.3964,-2.5036],[-78.4009,-2.4765],[-78.385,-2.4754],[-78.3707,-2.4586],[-78.3537,-2.4231],[-78.3198,-2.3938],[-78.303,-2.3623],[-78.2867,-2.3463],[-78.2538,-2.3481],[-78.2358,-2.3414],[-78.2092,-2.3695],[-78.1961,-2.3705],[-78.1837,-2.3892],[-78.1535,-2.4023],[-78.1067,-2.3994],[-78.0718,-2.4027],[-78.0254,-2.3963],[-78.0089,-2.4004],[-78.0233,-2.4217],[-78.0363,-2.4288],[-78.0381,-2.4714],[-78.0236,-2.4885],[-78.0199,-2.5099],[-78.0393,-2.5407],[-78.0373,-2.5681],[-78.029,-2.5729],[-78.0201,-2.6211],[-77.9998,-2.6215],[-77.9772,-2.611],[-77.9427,-2.6327],[-77.9037,-2.6313],[-77.8842,-2.6714],[-77.8895,-2.6978],[-77.888,-2.7243],[-77.8947,-2.7629],[-77.8906,-2.7932],[-77.8937,-2.8253],[-77.9016,-2.8387],[-77.8941,-2.8529],[-77.8786,-2.8524],[-77.8806,-2.8331],[-77.8622,-2.8176],[-77.8202,-2.8421],[-77.7956,-2.8301],[-77.7979,-2.8123],[-77.7357,-2.8068],[-77.726,-2.8271],[-77.6963,-2.8538],[-77.6873,-2.8515],[-77.6655,-2.8144],[-77.6439,-2.8056],[-77.6579,-2.8044],[-77.6699,-2.788],[-77.6601,-2.7642],[-77.6758,-2.7418],[-77.6852,-2.7154],[-77.6817,-2.7065],[-77.6904,-2.6756],[-77.7142,-2.6612],[-77.7001,-2.6278],[-77.6767,-2.6275],[-77.7017,-2.5879],[-77.7269,-2.536],[-77.7384,-2.4844],[-77.7258,-2.4689],[-77.7316,-2.4576],[-77.7323,-2.4213],[-77.7473,-2.4041],[-77.7446,-2.3323],[-77.7495,-2.3126],[-77.7463,-2.2685],[-77.7353,-2.2638],[-77.7314,-2.2204],[-77.7566,-2.223],[-77.7682,-2.2308],[-77.815,-2.2117],[-77.8104,-2.1883],[-77.8185,-2.1675],[-77.8073,-2.1425],[-77.8086,-2.0834],[-77.8,-2.0666],[-77.8063,-2.0432],[-77.8037,-2.021],[-77.8223,-2.0096],[-77.8585,-2.0317],[-77.8718,-2.0602],[-77.8978,-2.0716],[-77.9255,-2.0758],[-77.9642,-2.1142],[-77.9829,-2.1197],[-78.0046,-2.1137],[-78.0272,-2.1185],[-78.0272,-2.075],[-78.0401,-2.0605],[-78.0793,-2.0379],[-78.1097,-2.0244],[-78.1508,-2.0144],[-78.1974,-2.0268],[-78.2532,-2.0117],[-78.273,-2.024],[-78.3182,-2.0046],[-78.342,-2.0048],[-78.3777,-2.0489],[-78.3943,-2.038],[-78.4478,-2.027],[-78.4538,-2.0655],[-78.4428,-2.0716],[-78.4371,-2.0935],[-78.4505,-2.1172],[-78.4831,-2.1291],[-78.4939,-2.1212],[-78.5156,-2.1381],[-78.5039,-2.1571],[-78.5014,-2.2049],[-78.4877,-2.2175],[-78.4996,-2.2397],[-78.5317,-2.2424],[-78.5419,-2.2481],[-78.5361,-2.2787],[-78.5459,-2.3001],[-78.5767,-2.3054],[-78.5811,-2.3289],[-78.5613,-2.3259],[-78.5359,-2.3415],[-78.5246,-2.3546],[-78.4851,-2.3657],[-78.4904,-2.3972],[-78.4782,-2.4171],[-78.4845,-2.4368],[-78.4845,-2.4653],[-78.4977,-2.5033]]]},"properties":{"ciudad":"Morona","provincia":"Morona Santiago"}},
{"type":"Feature","geometry":{"type":"MultiPolygon","coordinates":[[[[-80.0317,0.4002],[-80.0265,0.3749],[-80.0104,0.3651],[-79.995,0.3706],[-79.9969,0.3896],[-80.0317,0.4002]]],[[[-80.0209,0.6155],[-80.0098,0.56],[-79.994,0.5718],[-80.0056,0.5877],[-80.0071,0.5995],[-80.0209,0.6155]]],[[[-79.9857,0.8177],[-80.0136,0.8207],[-80.0563,0.8178],[-80.0805,0.7927],[-80.0967,0.7646],[-80.0994,0.7387],[-80.0947,0.7193],[-80.102,0.696],[-80.0878,0.6484],[-80.0699,0.6529],[-80.0531,0.6365],[-80.0278,0.6256],[-80.0066,0.6061],[-80.0051,0.5906],[-79.9931,0.5719],[-79.9866,0.5461],[-80.0089,0.5506],[-80.0187,0.5115],[-80.0319,0.5092],[-80.0618,0.4569],[-80.0167,0.4075],[-79.996,0.402],[-79.98,0.365],[-79.9865,0.3301],[-79.9849,0.2933],[-79.9725,0.2764],[-79.9467,0.2689],[-79.9326,0.2548],[-79.9224,0.2568],[-79.9276,0.2659],[-79.9199,0.2764],[-79.9044,0.2762],[-79.9098,0.2898],[-79.9014,0.2924],[-79.8949,0.3121],[-79.832,0.3245],[-79.8075,0.3868],[-79.7871,0.4041],[-79.7825,0.4303],[-79.7891,0.455],[-79.8152,0.5085],[-79.805,0.52],[-79.7898,0.5161],[-79.7536,0.5249],[-79.7528,0.543],[-79.7624,0.5566],[-79.7398,0.5786],[-79.7398,0.5879],[-79.7606,0.6072],[-79.7834,0.5931],[-79.796,0.5757],[-79.8166,0.583],[-79.8211,0.6034],[-79.8354,0.6324],[-79.8407,0.6481],[-79.8598,0.6617],[-79.8957,0.6627],[-79.9212,0.6988],[-79.9453,0.7434],[-79.9694,0.734],[-79.9834,0.7413],[-80.0143,0.7323],[-80.0081,0.7722],[-79.9853,0.8113],[-79.9857,0.8177]]]]},"properties":{"ciudad":"Muisne","provincia":"Esmeraldas"}},
{"type":"Feature","geometry":{"type":"Polygon","coordinates":[[[-79.2199,-3.2873],[-79.2744,-3.3173],[-79.2524,-3.335],[-79.2879,-3.3665],[-79.3021,-3.3681],[-79.3086,-3.4003],[-79.3045,-3.4228],[-79.2895,-3.4666],[-79.2765,-3.4768],[-79.2487,-3.4373],[-79.22,-3.406],[-79.2038,-3.3666],[-79.1869,-3.3653],[-79.1567,-3.3836],[-79.156,-3.3992],[-79.1368,-3.4],[-79.1206,-3.4164],[-79.1139,-3.4337],[-79.0939,-3.4311],[-79.0759,-3.4428],[-79.0635,-3.4619],[-79.052,-3.4612],[-79.0605,-3.4389],[-79.0434,-3.3973],[-79.0287,-3.3725],[-78.9797,-3.3506],[-78.9431,-3.3414],[-78.9471,-3.3131],[-78.9358,-3.2882],[-78.9673,-3.2636],[-78.9855,-3.2583],[-78.9935,-3.2252],[-79.0221,-3.1885],[-79.0377,-3.2043],[-79.0381,-3.2237],[-79.0621,-3.2444],[-79.085,-3.2352],[-79.0949,-3.24],[-79.1205,-3.2245],[-79.1543,-3.2364],[-79.1671,-3.2318],[-79.2027,-3.2737],[-79.2199,-3.2873]]]},"properties":{"ciudad":"Nabón","provincia":"Azuay"}},
{"type":"Feature","geometry":{"type":"Polygon","coordinates":[[[-78.7711,-4.0636],[-78.7705,-4.1007],[-78.7791,-4.1102],[-78.7801,-4.1338],[-78.8051,-4.1392],[-78.8376,-4.14],[-78.8612,-4.1708],[-78.8743,-4.1969],[-78.8754,-4.2127],[-78.8998,-4.2325],[-78.894,-4.249],[-78.9293,-4.2829],[-78.9435,-4.2884],[-78.9539,-4.3051],[-78.94,-4.317],[-78.95,-4.3505],[-78.9399,-4.3878],[-78.9533,-4.4326],[-78.946,-4.4473],[-78.9496,-4.4638],[-78.9421,-4.4875],[-78.9246,-4.5109],[-78.9267,-4.5468],[-78.9129,-4.5895],[-78.8933,-4.6353],[-78.878,-4.6465],[-78.8216,-4.6472],[-78.8039,-4.6369],[-78.7691,-4.6395],[-78.7349,-4.6252],[-78.7143,-4.6283],[-78.6748,-4.5922],[-78.6611,-4.5861],[-78.6562,-4.5634],[-78.6631,-4.5384],[-78.647,-4.5084],[-78.6355,-4.5011],[-78.6354,-4.4652],[-78.6242,-4.4428],[-78.6037,-4.4319],[-78.6087,-4.4137],[-78.6332,-4.4151],[-78.6437,-4.3672],[-78.6512,-4.3619],[-78.6417,-4.333],[-78.6395,-4.305],[-78.6139,-4.29],[-78.6109,-4.2648],[-78.6012,-4.2527],[-78.6086,-4.2358],[-78.5986,-4.2092],[-78.5777,-4.1966],[-78.5758,-4.1626],[-78.5826,-4.136],[-78.5688,-4.1031],[-78.5409,-4.0688],[-78.5541,-4.0781],[-78.5701,-4.0755],[-78.5886,-4.0621],[-78.6173,-4.0594],[-78.6358,-4.0394],[-78.6496,-4.0375],[-78.6488,-4.0101],[-78.665,-3.9893],[-78.7162,-4.0193],[-78.7305,-4.0457],[-78.753,-4.048],[-78.7711,-4.0636]]]},"properties":{"ciudad":"Nangaritza","provincia":"Zamora Chinchipe"}},
{"type":"Feature","geometry":{"type":"MultiPolygon","coordinates":[[[[-79.6974,-2.5571],[-79.6954,-2.5479],[-79.7013,-2.5405],[-79.7044,-2.5325],[-79.7031,-2.5144],[-79.7289,-2.5075],[-79.7278,-2.5374],[-79.7183,-2.5589],[-79.6986,-2.5585],[-79.6974,-2.5571]]],[[[-79.8245,-2.3391],[-79.8322,-2.3706],[-79.833,-2.3958],[-79.8146,-2.4116],[-79.7989,-2.4407],[-79.7955,-2.4846],[-79.7725,-2.5202],[-79.7577,-2.5188],[-79.7452,-2.5033],[-79.7542,-2.4826],[-79.7489,-2.4688],[-79.7739,-2.4509],[-79.7797,-2.4383],[-79.7694,-2.4276],[-79.7782,-2.4115],[-79.7766,-2.357],[-79.785,-2.3518],[-79.7723,-2.3328],[-79.7765,-2.325],[-79.8014,-2.3279],[-79.8245,-2.3391]]],[[[-79.6332,-2.8491],[-79.6533,-2.8212],[-79.6315,-2.8116],[-79.6095,-2.7916],[-79.6219,-2.7741],[-79.6202,-2.7524],[-79.5784,-2.7439],[-79.5691,-2.7463],[-79.5337,-2.7354],[-79.5176,-2.7189],[-79.5197,-2.7087],[-79.4883,-2.702],[-79.4831,-2.6893],[-79.5019,-2.6631],[-79.4838,-2.6502],[-79.4652,-2.6209],[-79.4699,-2.5958],[-79.4258,-2.6062],[-79.4308,-2.5819],[-79.4209,-2.5303],[-79.4267,-2.4988],[-79.4626,-2.501],[-79.4813,-2.5219],[-79.4952,-2.5285],[-79.5158,-2.5195],[-79.5319,-2.4997],[-79.4761,-2.4635],[-79.4672,-2.4473],[-79.4186,-2.3781],[-79.4337,-2.3735],[-79.4566,-2.3619],[-79.4902,-2.3588],[-79.4939,-2.3456],[-79.5401,-2.329],[-79.5765,-2.3377],[-79.587,-2.3254],[-79.6211,-2.3055],[-79.638,-2.2983],[-79.6847,-2.3021],[-79.7017,-2.297],[-79.7321,-2.309],[-79.7452,-2.3151],[-79.7725,-2.3334],[-79.7761,-2.3569],[-79.7774,-2.4111],[-79.7719,-2.4176],[-79.7689,-2.4295],[-79.7705,-2.4516],[-79.7467,-2.4693],[-79.7507,-2.4839],[-79.7021,-2.5128],[-79.7014,-2.5201],[-79.6944,-2.528],[-79.7022,-2.5308],[-79.7012,-2.5391],[-79.6946,-2.5469],[-79.6959,-2.5567],[-79.6981,-2.5595],[-79.7185,-2.5611],[-79.7246,-2.5767],[-79.7169,-2.6057],[-79.7299,-2.6369],[-79.7428,-2.6504],[-79.7667,-2.6533],[-79.7769,-2.6623],[-79.7824,-2.699],[-79.7907,-2.7178],[-79.7988,-2.7687],[-79.7946,-2.789],[-79.7936,-2.7903],[-79.7932,-2.7903],[-79.7553,-2.8143],[-79.7228,-2.8188],[-79.6965,-2.8079],[-79.6726,-2.8105],[-79.6723,-2.8227],[-79.6332,-2.8491]]]]},"properties":{"ciudad":"Naranjal","provincia":"Guayas"}},
{"type":"Feature","geometry":{"type":"Polygon","coordinates":[[[-79.2869,-2.1867],[-79.2805,-2.1454],[-79.2956,-2.1268],[-79.3316,-2.1221],[-79.3383,-2.1004],[-79.3848,-2.0851],[-79.416,-2.0911],[-79.4154,-2.1076],[-79.4498,-2.0994],[-79.4596,-2.1063],[-79.4582,-2.156],[-79.48,-2.1493],[-79.4988,-2.1535],[-79.4976,-2.2295],[-79.467,-2.2286],[-79.4394,-2.2063],[-79.4202,-2.2047],[-79.3986,-2.1886],[-79.3156,-2.1808],[-79.2869,-2.1867]]]},"properties":{"ciudad":"Naranjito","provincia":"Guayas"}},
{"type":"Feature","geometry":{"type":"Polygon","coordinates":[[[-80.0491,-1.881],[-80.0603,-1.9071],[-80.0929,-1.9884],[-80.111,-1.9964],[-80.1147,-2.0182],[-80.1005,-2.0213],[-80.0997,-2.0507],[-80.0783,-2.0491],[-80.0719,-2.0373],[-80.0416,-2.0351],[-80.0317,-2.0141],[-80.0385,-1.9982],[-80.0132,-1.9885],[-80.0017,-1.9772],[-79.9975,-1.9603],[-80.0081,-1.9374],[-80.0057,-1.8852],[-80.0491,-1.881]]]},"properties":{"ciudad":"Nobol","provincia":"Guayas"}},
{"type":"Feature","geometry":{"type":"Polygon","coordinates":[[[-79.5569,-3.8828],[-79.6018,-3.9132],[-79.6228,-3.9008],[-79.655,-3.9062],[-79.6787,-3.9321],[-79.6732,-3.9437],[-79.643,-3.9754],[-79.617,-3.9613],[-79.5847,-3.9746],[-79.5498,-3.9793],[-79.5225,-3.9967],[-79.5392,-3.9626],[-79.5333,-3.928],[-79.5478,-3.912],[-79.5431,-3.8989],[-79.5569,-3.8828]]]},"properties":{"ciudad":"Olmedo","provincia":"Loja"}},
{"type":"Feature","geometry":{"type":"Polygon","coordinates":[[[-80.2526,-1.4522],[-80.2238,-1.4556],[-80.2179,-1.4683],[-80.1959,-1.4591],[-80.1963,-1.4229],[-80.1703,-1.4212],[-80.1676,-1.4061],[-80.1454,-1.4061],[-80.1421,-1.3803],[-80.1527,-1.3649],[-80.1375,-1.3241],[-80.0985,-1.3264],[-80.1032,-1.3111],[-80.1327,-1.2909],[-80.1511,-1.3058],[-80.1679,-1.3063],[-80.2033,-1.2919],[-80.2141,-1.2966],[-80.2225,-1.2736],[-80.2636,-1.2867],[-80.3005,-1.3095],[-80.2983,-1.3226],[-80.2798,-1.3432],[-80.2812,-1.367],[-80.266,-1.3826],[-80.2661,-1.4131],[-80.2799,-1.423],[-80.2526,-1.4522]]]},"properties":{"ciudad":"Olmedo","provincia":"Manabí"}},
{"type":"Feature","geometry":{"type":"Polygon","coordinates":[[[-79.2765,-3.4768],[-79.2577,-3.4758],[-79.2218,-3.4617],[-79.2086,-3.449],[-79.1815,-3.4406],[-79.1759,-3.4673],[-79.1612,-3.4705],[-79.1585,-3.5046],[-79.1363,-3.528],[-79.1395,-3.5582],[-79.1355,-3.592],[-79.1182,-3.6015],[-79.0953,-3.6254],[-79.0804,-3.6238],[-79.0565,-3.6055],[-79.0556,-3.5716],[-79.0446,-3.5471],[-79.0555,-3.5398],[-79.0668,-3.5132],[-79.0649,-3.5002],[-79.0463,-3.486],[-79.052,-3.4612],[-79.0635,-3.4619],[-79.0759,-3.4428],[-79.0939,-3.4311],[-79.1139,-3.4337],[-79.1206,-3.4164],[-79.1368,-3.4],[-79.156,-3.3992],[-79.1567,-3.3836],[-79.1869,-3.3653],[-79.2038,-3.3666],[-79.22,-3.406],[-79.2487,-3.4373],[-79.2765,-3.4768]]]},"properties":{"ciudad":"Oña","provincia":"Azuay"}},
{"type":"Feature","geometry":{"type":"Polygon","coordinates":[[[-76.0021,-0.5467],[-76.0593,-0.5051],[-76.0728,-0.4796],[-76.0747,-0.4562],[-76.0869,-0.4401],[-76.129,-0.452],[-76.1576,-0.4424],[-76.1967,-0.4382],[-76.2331,-0.4489],[-76.2618,-0.4473],[-76.2917,-0.4772],[-76.3245,-0.4826],[-76.3487,-0.4964],[-76.3661,-0.5169],[-76.3857,-0.521],[-76.414,-0.4914],[-76.4381,-0.4848],[-76.4651,-0.4895],[-76.4912,-0.469],[-76.5045,-0.444],[-76.5273,-0.4403],[-76.552,-0.4137],[-76.5685,-0.4106],[-76.6012,-0.4303],[-76.6174,-0.4474],[-76.634,-0.4534],[-76.6962,-0.456],[-76.7741,-0.4367],[-76.7983,-0.4387],[-76.8836,-0.462],[-76.9067,-0.4366],[-76.9224,-0.4423],[-76.9359,-0.435],[-76.9381,-0.4073],[-76.949,-0.3885],[-76.9927,-0.3886],[-76.9841,-0.3715],[-76.9859,-0.354],[-77.0154,-0.3378],[-77.0226,-0.3084],[-77.0512,-0.2751],[-77.0577,-0.2273],[-77.055,-0.1994],[-77.0696,-0.1895],[-77.0834,-0.1616],[-77.0976,-0.1561],[-77.1152,-0.1215],[-77.1281,-0.1191],[-77.1572,-0.0999],[-77.2042,-0.0986],[-77.2102,-0.0841],[-77.2547,-0.0572],[-77.2778,-0.0491],[-77.2909,-0.0476],[-77.3055,-0.0599],[-77.2858,-0.1035],[-77.2859,-0.1232],[-77.2974,-0.1509],[-77.2991,-0.2022],[-77.2762,-0.2154],[-77.2694,-0.2352],[-77.2753,-0.2603],[-77.2575,-0.2714],[-77.262,-0.2832],[-77.257,-0.3061],[-77.2673,-0.3097],[-77.2749,-0.3377],[-77.3015,-0.346],[-77.2697,-0.3753],[-77.246,-0.376],[-77.2461,-0.398],[-77.2317,-0.4179],[-77.1948,-0.4409],[-77.1789,-0.4404],[-77.1555,-0.4609],[-77.1353,-0.4648],[-77.1386,-0.4919],[-77.1213,-0.5123],[-77.0824,-0.5473],[-77.0847,-0.5673],[-77.1005,-0.5797],[-77.0979,-0.5966],[-77.11,-0.612],[-77.1314,-0.6813],[-77.1245,-0.6951],[-77.1155,-0.6996],[-77.1213,-0.7287],[-77.141,-0.7369],[-77.1486,-0.7559],[-77.1766,-0.7628],[-77.2057,-0.8031],[-77.1987,-0.8284],[-77.1835,-0.8537],[-77.1639,-0.8733],[-77.1433,-0.8745],[-77.1426,-0.8956],[-77.1181,-0.9],[-77.1019,-0.9098],[-77.0393,-0.9153],[-77.0563,-0.9469],[-77.0723,-0.9521],[-77.0726,-0.9703],[-77.0561,-0.9843],[-77.0613,-1.0082],[-77.0693,-1.019],[-77.0913,-1.0237],[-77.0918,-1.0361],[-77.0759,-1.0681],[-77.0593,-1.0878],[-77.0417,-1.0995],[-76.9918,-1.096],[-76.9753,-1.1032],[-76.9554,-1.1215],[-76.9314,-1.1206],[-76.8908,-1.1313],[-76.8859,-1.1425],[-76.8552,-1.1625],[-76.8347,-1.1598],[-76.83,-1.1102],[-76.8032,-1.1108],[-76.7739,-1.0911],[-76.7272,-1.1056],[-76.7191,-1.0867],[-76.6875,-1.0777],[-76.6527,-1.0567],[-76.6149,-1.0648],[-76.6054,-1.0717],[-76.5853,-1.0673],[-76.5844,-0.8107],[-76.5468,-0.8002],[-76.473,-0.7963],[-76.4544,-0.7839],[-76.4348,-0.7803],[-76.4122,-0.7409],[-76.3925,-0.7314],[-76.3701,-0.7118],[-76.3547,-0.7071],[-76.3377,-0.7197],[-76.3188,-0.7169],[-76.2992,-0.7022],[-76.2737,-0.7018],[-76.2469,-0.6542],[-76.2265,-0.6638],[-76.173,-0.6359],[-76.1418,-0.6396],[-76.1121,-0.6314],[-76.0884,-0.6321],[-76.075,-0.6454],[-76.0546,-0.6428],[-76.0301,-0.655],[-76.0225,-0.6682],[-76.0261,-0.6976],[-76.002,-0.7064],[-76.0021,-0.5467]]]},"properties":{"ciudad":"Orellana","provincia":"Orellana"}},
{"type":"Feature","geometry":{"type":"Polygon","coordinates":[[[-78.2444,0.3053],[-78.2725,0.2598],[-78.3086,0.2671],[-78.3143,0.2593],[-78.3489,0.2764],[-78.3702,0.2822],[-78.3918,0.305],[-78.3968,0.2939],[-78.4166,0.2922],[-78.4349,0.3092],[-78.451,0.3064],[-78.466,0.2893],[-78.4782,0.2882],[-78.4942,0.3008],[-78.4899,0.3226],[-78.509,0.3171],[-78.5492,0.2831],[-78.58,0.271],[-78.5951,0.234],[-78.6071,0.2366],[-78.6251,0.2181],[-78.5971,0.2237],[-78.555,0.2243],[-78.5411,0.238],[-78.512,0.2262],[-78.4888,0.2538],[-78.4441,0.2379],[-78.4197,0.2516],[-78.4023,0.2406],[-78.3815,0.2501],[-78.3725,0.2229],[-78.3582,0.2028],[-78.367,0.1779],[-78.3576,0.1713],[-78.3436,0.1911],[-78.3107,0.185],[-78.2985,0.1579],[-78.2798,0.1394],[-78.258,0.1361],[-78.2452,0.1229],[-78.224,0.1294],[-78.2011,0.1282],[-78.1876,0.1397],[-78.1546,0.1414],[-78.1483,0.1589],[-78.1388,0.1767],[-78.1238,0.2313],[-78.1442,0.2322],[-78.1659,0.2532],[-78.1805,0.2543],[-78.197,0.2752],[-78.2158,0.2783],[-78.2412,0.2909],[-78.2444,0.3053]]]},"properties":{"ciudad":"Otavalo","provincia":"Imbabura"}},
{"type":"Feature","geometry":{"type":"Polygon","coordinates":[[[-78.4449,-1.7659],[-78.4382,-1.7906],[-78.4201,-1.8046],[-78.4208,-1.8287],[-78.3969,-1.8532],[-78.4036,-1.877],[-78.4198,-1.8841],[-78.434,-1.9093],[-78.4555,-1.9195],[-78.4612,-1.9369],[-78.4634,-1.9495],[-78.489,-1.9583],[-78.4846,-1.9926],[-78.4596,-1.9929],[-78.4418,-2.0129],[-78.4478,-2.027],[-78.3943,-2.038],[-78.3777,-2.0489],[-78.342,-2.0048],[-78.3182,-2.0046],[-78.273,-2.024],[-78.2532,-2.0117],[-78.1974,-2.0268],[-78.1508,-2.0144],[-78.1691,-1.9763],[-78.1423,-1.9697],[-78.1048,-1.9366],[-78.0687,-1.9466],[-78.0598,-1.9367],[-78.0222,-1.9413],[-78.009,-1.9485],[-77.9992,-1.9334],[-78.0005,-1.9143],[-77.9752,-1.884],[-77.9341,-1.8845],[-77.9234,-1.8764],[-77.9541,-1.8639],[-77.9895,-1.8587],[-78.0032,-1.8516],[-78.0407,-1.8516],[-78.08,-1.8561],[-78.1309,-1.8806],[-78.1581,-1.8712],[-78.1701,-1.8486],[-78.1661,-1.794],[-78.1688,-1.7562],[-78.1774,-1.7235],[-78.1983,-1.6949],[-78.2196,-1.7055],[-78.2479,-1.6964],[-78.2652,-1.6802],[-78.2732,-1.661],[-78.2971,-1.6322],[-78.3335,-1.6519],[-78.3637,-1.6444],[-78.4108,-1.6653],[-78.4089,-1.6747],[-78.4304,-1.6847],[-78.4516,-1.7322],[-78.467,-1.7518],[-78.4449,-1.7659]]]},"properties":{"ciudad":"Pablo Sexto","provincia":"Morona Santiago"}},
{"type":"Feature","geometry":{"type":"Polygon","coordinates":[[[-80.4034,-1.493],[-80.4494,-1.4931],[-80.4732,-1.5106],[-80.5204,-1.5134],[-80.5073,-1.5393],[-80.5186,-1.5599],[-80.5307,-1.5677],[-80.5437,-1.5544],[-80.5709,-1.5573],[-80.5711,-1.5709],[-80.5249,-1.5957],[-80.5236,-1.6311],[-80.5071,-1.6653],[-80.5255,-1.6847],[-80.5349,-1.7085],[-80.5266,-1.7357],[-80.5328,-1.7526],[-80.527,-1.7831],[-80.5346,-1.8045],[-80.5222,-1.8122],[-80.5294,-1.8471],[-80.549,-1.8601],[-80.5268,-1.8946],[-80.5167,-1.9028],[-80.5185,-1.9216],[-80.4887,-1.9222],[-80.4698,-1.9376],[-80.4404,-1.943],[-80.4287,-1.9251],[-80.4369,-1.875],[-80.4258,-1.8358],[-80.41,-1.8232],[-80.4261,-1.8089],[-80.4189,-1.7856],[-80.3636,-1.7395],[-80.3538,-1.723],[-80.333,-1.724],[-80.3349,-1.7061],[-80.3165,-1.6903],[-80.2902,-1.71],[-80.2817,-1.6906],[-80.2343,-1.6877],[-80.2114,-1.6935],[-80.2082,-1.6734],[-80.2224,-1.6515],[-80.2233,-1.6169],[-80.2541,-1.6168],[-80.2799,-1.5774],[-80.265,-1.5663],[-80.2217,-1.5743],[-80.193,-1.5538],[-80.1748,-1.5296],[-80.194,-1.5192],[-80.2071,-1.4933],[-80.197,-1.4784],[-80.1959,-1.4591],[-80.2179,-1.4683],[-80.2238,-1.4556],[-80.2526,-1.4522],[-80.2768,-1.4841],[-80.3311,-1.5266],[-80.3281,-1.5473],[-80.3561,-1.554],[-80.3665,-1.5381],[-80.3934,-1.5348],[-80.4034,-1.493]]]},"properties":{"ciudad":"Paján","provincia":"Manabí"}},
{"type":"Feature","geometry":{"type":"Polygon","coordinates":[[[-78.8922,-4.8093],[-78.915,-4.7818],[-78.8893,-4.7634],[-78.8888,-4.7158],[-78.8634,-4.691],[-78.861,-4.6742],[-78.8409,-4.6536],[-78.8216,-4.6472],[-78.878,-4.6465],[-78.8933,-4.6353],[-78.9129,-4.5895],[-78.9267,-4.5468],[-78.9246,-4.5109],[-78.9421,-4.4875],[-78.9496,-4.4638],[-78.946,-4.4473],[-78.9533,-4.4326],[-78.9399,-4.3878],[-78.95,-4.3505],[-78.94,-4.317],[-78.9539,-4.3051],[-78.9757,-4.2888],[-78.9946,-4.2975],[-79.0124,-4.2822],[-79.034,-4.2363],[-79.0556,-4.2455],[-79.0844,-4.2321],[-79.1069,-4.2291],[-79.1052,-4.2538],[-79.1144,-4.2673],[-79.1072,-4.2882],[-79.1207,-4.3086],[-79.1088,-4.3326],[-79.1144,-4.3422],[-79.1074,-4.3648],[-79.1141,-4.3876],[-79.1106,-4.4037],[-79.1211,-4.4265],[-79.1421,-4.4335],[-79.1683,-4.4754],[-79.1958,-4.4805],[-79.2088,-4.5108],[-79.2253,-4.4925],[-79.2497,-4.4827],[-79.2633,-4.4875],[-79.2715,-4.4736],[-79.2908,-4.4767],[-79.2959,-4.4918],[-79.3247,-4.5053],[-79.3272,-4.5315],[-79.3365,-4.5466],[-79.3273,-4.5775],[-79.3333,-4.6058],[-79.353,-4.6253],[-79.3593,-4.6489],[-79.3773,-4.6553],[-79.3931,-4.6772],[-79.394,-4.6929],[-79.3478,-4.7179],[-79.3269,-4.7163],[-79.3149,-4.7275],[-79.2916,-4.724],[-79.2688,-4.7326],[-79.233,-4.7392],[-79.2062,-4.7524],[-79.1732,-4.7597],[-79.1529,-4.749],[-79.13,-4.7245],[-79.1143,-4.727],[-79.111,-4.741],[-79.0938,-4.7538],[-79.1021,-4.7788],[-79.1001,-4.7956],[-79.0662,-4.8],[-79.0498,-4.7838],[-78.9812,-4.7468],[-78.9641,-4.7467],[-78.9816,-4.8075],[-78.8922,-4.8093]]]},"properties":{"ciudad":"Palanda","provincia":"Zamora Chinchipe"}},
{"type":"Feature","geometry":{"type":"Polygon","coordinates":[[[-79.8609,-1.4213],[-79.8347,-1.4215],[-79.8506,-1.4569],[-79.8179,-1.4621],[-79.8072,-1.4479],[-79.7912,-1.4554],[-79.7727,-1.4499],[-79.735,-1.4873],[-79.7133,-1.4852],[-79.677,-1.4175],[-79.6624,-1.4075],[-79.6438,-1.3842],[-79.627,-1.3715],[-79.635,-1.3493],[-79.6305,-1.3315],[-79.6015,-1.3157],[-79.5781,-1.3287],[-79.5683,-1.2825],[-79.5853,-1.2599],[-79.5989,-1.261],[-79.6217,-1.2236],[-79.6385,-1.2295],[-79.6669,-1.2288],[-79.6479,-1.2098],[-79.6621,-1.1862],[-79.7008,-1.1892],[-79.718,-1.1793],[-79.7323,-1.1775],[-79.7485,-1.1919],[-79.7468,-1.2158],[-79.7732,-1.2703],[-79.7884,-1.2927],[-79.7941,-1.3191],[-79.8132,-1.355],[-79.8476,-1.3857],[-79.8523,-1.4125],[-79.8609,-1.4213]]]},"properties":{"ciudad":"Palenque","provincia":"Los Ríos"}},
{"type":"Feature","geometry":{"type":"Polygon","coordinates":[[[-80.0117,-1.6407],[-79.993,-1.652],[-79.9882,-1.6723],[-79.9508,-1.7007],[-79.9349,-1.7078],[-79.9233,-1.6954],[-79.8996,-1.7007],[-79.8877,-1.7173],[-79.8661,-1.7152],[-79.8646,-1.6856],[-79.879,-1.6756],[-79.8634,-1.6438],[-79.8562,-1.6314],[-79.8712,-1.6012],[-79.8601,-1.5797],[-79.8595,-1.5623],[-79.8748,-1.5419],[-79.8908,-1.5519],[-79.9104,-1.5539],[-79.9198,-1.5893],[-79.9644,-1.5911],[-79.9831,-1.6276],[-80.0117,-1.6407]]]},"properties":{"ciudad":"Palestina","provincia":"Guayas"}},
{"type":"Feature","geometry":{"type":"Polygon","coordinates":[[[-78.8952,-2.1049],[-78.8715,-2.0937],[-78.8348,-2.0556],[-78.839,-2.0366],[-78.8315,-2.0145],[-78.8497,-1.9944],[-78.8281,-1.9869],[-78.8147,-1.9476],[-78.8385,-1.9342],[-78.8628,-1.931],[-78.8778,-1.9398],[-78.9024,-1.9406],[-78.9139,-1.9501],[-78.9313,-1.9331],[-78.9623,-1.9379],[-78.9706,-1.9168],[-78.9915,-1.9176],[-79.0079,-1.9352],[-79.0184,-2.001],[-79.0261,-2.0095],[-79.037,-2.0599],[-79.0237,-2.0727],[-79.0238,-2.0861],[-79.0033,-2.0828],[-78.9795,-2.0906],[-78.9656,-2.1086],[-78.9485,-2.118],[-78.9072,-2.1127],[-78.8952,-2.1049]]]},"properties":{"ciudad":"Pallatanga","provincia":"Chimborazo"}},
{"type":"Feature","geometry":{"type":"Polygon","coordinates":[[[-78.358,-1.5216],[-78.3753,-1.5352],[-78.3773,-1.5852],[-78.3666,-1.6136],[-78.3637,-1.6444],[-78.3335,-1.6519],[-78.2971,-1.6322],[-78.2732,-1.661],[-78.2652,-1.6802],[-78.2479,-1.6964],[-78.2196,-1.7055],[-78.1983,-1.6949],[-78.1774,-1.7235],[-78.1688,-1.7562],[-78.1661,-1.794],[-78.1701,-1.8486],[-78.1581,-1.8712],[-78.1309,-1.8806],[-78.08,-1.8561],[-78.0407,-1.8516],[-78.0032,-1.8516],[-77.9895,-1.8587],[-77.9541,-1.8639],[-77.9234,-1.8764],[-77.8932,-1.8562],[-77.8732,-1.8498],[-77.8328,-1.8621],[-77.8557,-1.8192],[-77.8567,-1.8011],[-77.8696,-1.7842],[-77.8651,-1.7731],[-77.8849,-1.7631],[-77.8811,-1.7423],[-77.8824,-1.7094],[-77.8892,-1.6902],[-77.9002,-1.6894],[-77.9235,-1.6567],[-77.9424,-1.6526],[-77.9696,-1.6673],[-78.0097,-1.6776],[-78.0205,-1.6765],[-78.0371,-1.6304],[-78.0492,-1.5834],[-78.0584,-1.5668],[-78.0634,-1.5275],[-78.0803,-1.4982],[-78.1254,-1.4541],[-78.178,-1.448],[-78.1924,-1.4557],[-78.1968,-1.4744],[-78.2213,-1.4759],[-78.2215,-1.486],[-78.2657,-1.5023],[-78.2792,-1.4822],[-78.2985,-1.4804],[-78.3162,-1.4961],[-78.3453,-1.5041],[-78.358,-1.5216]]]},"properties":{"ciudad":"Palora","provincia":"Morona Santiago"}},
{"type":"Feature","geometry":{"type":"Polygon","coordinates":[[[-79.8725,-3.8209],[-79.8976,-3.828],[-79.9356,-3.832],[-79.9544,-3.8282],[-79.986,-3.8422],[-79.9983,-3.8565],[-79.9852,-3.877],[-79.9441,-3.8955],[-79.9381,-3.9102],[-79.9122,-3.931],[-79.9092,-3.9618],[-79.8943,-3.9977],[-79.8797,-4.0017],[-79.8716,-4.03],[-79.9223,-4.0401],[-79.9464,-4.0211],[-79.9712,-4.0273],[-79.9707,-4.0575],[-79.9569,-4.0696],[-79.9133,-4.0791],[-79.9009,-4.1158],[-79.8769,-4.1362],[-79.8447,-4.1488],[-79.823,-4.1348],[-79.8093,-4.116],[-79.7605,-4.1431],[-79.7237,-4.1506],[-79.6984,-4.1686],[-79.6801,-4.1754],[-79.6645,-4.1706],[-79.6201,-4.1803],[-79.6069,-4.1747],[-79.5932,-4.1384],[-79.5739,-4.1029],[-79.5604,-4.1024],[-79.5243,-4.0563],[-79.512,-4.0299],[-79.5199,-4.0244],[-79.5225,-3.9967],[-79.5498,-3.9793],[-79.5847,-3.9746],[-79.617,-3.9613],[-79.643,-3.9754],[-79.6732,-3.9437],[-79.6787,-3.9321],[-79.709,-3.95],[-79.7211,-3.9055],[-79.7555,-3.9204],[-79.7777,-3.9203],[-79.7941,-3.8673],[-79.8113,-3.8503],[-79.802,-3.8422],[-79.8212,-3.8404],[-79.8533,-3.8246],[-79.8725,-3.8209]]]},"properties":{"ciudad":"Paltas","provincia":"Loja"}},
{"type":"Feature","geometry":{"type":"Polygon","coordinates":[[[-78.9346,-1.1882],[-78.9527,-1.1676],[-78.9656,-1.1637],[-78.964,-1.1415],[-78.9807,-1.1274],[-79.0082,-1.1326],[-79.0174,-1.1209],[-78.9829,-1.0709],[-78.9746,-1.0497],[-79.0334,-1.0691],[-79.0537,-1.0483],[-79.0467,-1.0195],[-79.0521,-1.0111],[-79.0835,-1.0148],[-79.1016,-1.0034],[-79.1118,-1.0105],[-79.1369,-1.0071],[-79.154,-0.9954],[-79.1952,-0.9818],[-79.2249,-0.9927],[-79.2918,-1.0046],[-79.3119,-1.0347],[-79.3088,-1.0526],[-79.3209,-1.0952],[-79.3358,-1.1264],[-79.3256,-1.162],[-79.2997,-1.1773],[-79.2899,-1.2053],[-79.2802,-1.2063],[-79.2678,-1.2093],[-79.2385,-1.1952],[-79.2205,-1.1746],[-79.1793,-1.1687],[-79.1445,-1.1551],[-79.1066,-1.1498],[-79.0885,-1.1557],[-79.069,-1.1783],[-79.0135,-1.2135],[-78.9891,-1.2174],[-78.9521,-1.2113],[-78.9346,-1.1882]]]},"properties":{"ciudad":"Pangua","provincia":"Cotopaxi"}},
{"type":"Feature","geometry":{"type":"Polygon","coordinates":[[[-78.665,-3.9893],[-78.6488,-4.0101],[-78.6496,-4.0375],[-78.6358,-4.0394],[-78.6173,-4.0594],[-78.5886,-4.0621],[-78.5701,-4.0755],[-78.5541,-4.0781],[-78.5409,-4.0688],[-78.5704,-4.0379],[-78.5621,-4.0026],[-78.5666,-3.9933],[-78.5289,-3.9501],[-78.524,-3.9373],[-78.4902,-3.9362],[-78.4769,-3.9078],[-78.4841,-3.8977],[-78.4788,-3.8678],[-78.5297,-3.8698],[-78.5645,-3.8612],[-78.5984,-3.8632],[-78.6168,-3.8842],[-78.6516,-3.8447],[-78.6864,-3.8634],[-78.6789,-3.8813],[-78.6825,-3.899],[-78.6838,-3.9475],[-78.6746,-3.9588],[-78.6762,-3.9815],[-78.665,-3.9893]]]},"properties":{"ciudad":"Paquisha","provincia":"Zamora Chinchipe"}},
{"type":"Feature","geometry":{"type":"Polygon","coordinates":[[[-79.7399,-3.4642],[-79.719,-3.455],[-79.7028,-3.4199],[-79.7111,-3.4039],[-79.6937,-3.3702],[-79.6699,-3.3697],[-79.6699,-3.3384],[-79.6449,-3.3379],[-79.6338,-3.3455],[-79.6113,-3.3431],[-79.5927,-3.3296],[-79.5796,-3.366],[-79.5893,-3.3762],[-79.58,-3.3915],[-79.5557,-3.3874],[-79.5491,-3.3644],[-79.5635,-3.3586],[-79.5845,-3.3358],[-79.5805,-3.3245],[-79.6106,-3.3286],[-79.6316,-3.3212],[-79.6632,-3.3204],[-79.6442,-3.3014],[-79.6331,-3.2672],[-79.6365,-3.2477],[-79.6268,-3.2314],[-79.6022,-3.2161],[-79.5977,-3.1807],[-79.6572,-3.1898],[-79.6823,-3.2196],[-79.678,-3.2455],[-79.6989,-3.2675],[-79.7391,-3.2689],[-79.7646,-3.2783],[-79.7762,-3.2722],[-79.791,-3.2503],[-79.8168,-3.2599],[-79.8423,-3.2785],[-79.8545,-3.2997],[-79.8734,-3.307],[-79.8625,-3.3367],[-79.8862,-3.3472],[-79.8971,-3.3694],[-79.8839,-3.3823],[-79.8632,-3.3801],[-79.857,-3.3687],[-79.8315,-3.3617],[-79.8116,-3.3716],[-79.8061,-3.412],[-79.765,-3.4622],[-79.7399,-3.4642]]]},"properties":{"ciudad":"Pasaje","provincia":"El Oro"}},
{"type":"Feature","geometry":{"type":"Polygon","coordinates":[[[-77.8054,-1.3223],[-77.8134,-1.3476],[-77.8318,-1.3562],[-77.8572,-1.3546],[-77.8767,-1.3643],[-77.9074,-1.3629],[-77.9371,-1.3486],[-77.9388,-1.3346],[-77.9619,-1.3248],[-77.954,-1.3111],[-77.97,-1.2931],[-77.9738,-1.3096],[-77.9952,-1.3197],[-78.0011,-1.3611],[-78.0181,-1.3765],[-78.0225,-1.3947],[-78.0501,-1.4073],[-78.0568,-1.4441],[-78.0216,-1.5043],[-78.0118,-1.5675],[-77.9892,-1.5812],[-77.9688,-1.5832],[-77.9646,-1.6074],[-77.9416,-1.6373],[-77.9219,-1.6411],[-77.9235,-1.6567],[-77.9002,-1.6894],[-77.8892,-1.6902],[-77.8824,-1.7094],[-77.8811,-1.7423],[-77.8849,-1.7631],[-77.8651,-1.7731],[-77.8696,-1.7842],[-77.8567,-1.8011],[-77.8557,-1.8192],[-77.8328,-1.8621],[-77.8265,-1.8711],[-77.8284,-1.8953],[-77.8188,-1.9267],[-77.7952,-1.9334],[-77.7946,-1.9525],[-77.7752,-1.9732],[-77.7342,-1.9847],[-77.7298,-2.0051],[-77.7127,-2.0268],[-77.6971,-2.0252],[-77.6667,-2.0509],[-77.6419,-2.0426],[-77.617,-2.0413],[-77.5925,-2.0534],[-77.5775,-2.0756],[-77.5605,-2.0722],[-77.506,-2.0841],[-77.5022,-2.0949],[-77.461,-2.1162],[-77.4384,-2.1197],[-77.3856,-2.1507],[-77.3508,-2.1601],[-77.2908,-2.1957],[-77.2778,-2.1962],[-77.2677,-2.221],[-77.241,-2.2453],[-77.2302,-2.261],[-77.1929,-2.2716],[-77.166,-2.301],[-77.1261,-2.3155],[-77.0888,-2.3454],[-77.0824,-2.3742],[-77.0644,-2.3877],[-77.0468,-2.4117],[-77.035,-2.4432],[-77.0235,-2.455],[-77,-2.4628],[-76.9977,-2.5143],[-76.9715,-2.5093],[-76.9449,-2.5545],[-76.9298,-2.5443],[-76.9168,-2.5645],[-76.8984,-2.554],[-76.8855,-2.5664],[-76.8422,-2.5572],[-76.8217,-2.5423],[-76.8133,-2.5604],[-76.7966,-2.5701],[-76.7798,-2.554],[-76.7568,-2.5617],[-76.7352,-2.559],[-76.7276,-2.5797],[-76.693,-2.6103],[-76.6336,-2.5902],[-76.3616,-2.3757],[-76.0433,-2.1246],[-75.772,-1.784],[-75.6166,-1.5889],[-75.6512,-1.5902],[-75.6756,-1.5839],[-75.6916,-1.6064],[-75.7248,-1.6201],[-75.7334,-1.6376],[-75.7644,-1.6556],[-75.7925,-1.6577],[-75.8143,-1.6395],[-75.8373,-1.6463],[-75.8567,-1.6446],[-75.873,-1.6665],[-75.8898,-1.6735],[-75.91,-1.6722],[-75.9234,-1.6797],[-75.934,-1.6609],[-75.9515,-1.6503],[-75.9698,-1.618],[-75.9874,-1.6048],[-76.007,-1.6056],[-76.0129,-1.6169],[-76.0366,-1.6218],[-76.0497,-1.6447],[-76.0863,-1.6424],[-76.118,-1.6457],[-76.1423,-1.6542],[-76.1219,-1.6762],[-76.1315,-1.6856],[-76.1567,-1.6829],[-76.1528,-1.6497],[-76.1748,-1.6524],[-76.1938,-1.6465],[-76.1793,-1.6241],[-76.2026,-1.6158],[-76.2098,-1.6412],[-76.2527,-1.622],[-76.2801,-1.6299],[-76.2952,-1.6223],[-76.2931,-1.6052],[-76.3176,-1.5874],[-76.3676,-1.576],[-76.3911,-1.5763],[-76.4011,-1.5683],[-76.4201,-1.5709],[-76.4315,-1.5578],[-76.4463,-1.5703],[-76.4571,-1.5587],[-76.4823,-1.5493],[-76.4873,-1.5381],[-76.5107,-1.542],[-76.5442,-1.5184],[-76.5646,-1.5118],[-76.5692,-1.4995],[-76.5957,-1.4943],[-76.6254,-1.4994],[-76.6572,-1.4746],[-76.6821,-1.4695],[-76.6785,-1.4578],[-76.7084,-1.4537],[-76.7313,-1.444],[-76.7859,-1.437],[-76.8058,-1.426],[-76.85,-1.4268],[-76.8917,-1.4107],[-76.9075,-1.3904],[-76.9426,-1.3851],[-76.9686,-1.4012],[-76.9958,-1.4011],[-77.0246,-1.4177],[-77.0526,-1.4159],[-77.0679,-1.423],[-77.0811,-1.4408],[-77.1015,-1.4361],[-77.1387,-1.4473],[-77.1698,-1.4722],[-77.2014,-1.4823],[-77.2395,-1.4743],[-77.2938,-1.5139],[-77.3219,-1.5067],[-77.3343,-1.4971],[-77.346,-1.5134],[-77.3818,-1.5109],[-77.4202,-1.496],[-77.4514,-1.4912],[-77.4666,-1.4832],[-77.4854,-1.5063],[-77.507,-1.5085],[-77.529,-1.4915],[-77.5549,-1.4871],[-77.5652,-1.4939],[-77.6015,-1.4788],[-77.6381,-1.4776],[-77.676,-1.4704],[-77.6832,-1.463],[-77.7036,-1.4785],[-77.7185,-1.4668],[-77.72,-1.4488],[-77.7072,-1.4328],[-77.707,-1.4147],[-77.7236,-1.3992],[-77.7228,-1.3829],[-77.7336,-1.3696],[-77.7344,-1.3405],[-77.7541,-1.3444],[-77.7759,-1.3637],[-77.8054,-1.3223]]]},"properties":{"ciudad":"Pastaza","provincia":"Pastaza"}},
{"type":"Feature","geometry":{"type":"Polygon","coordinates":[[[-78.3429,-1.1744],[-78.3537,-1.1629],[-78.3856,-1.1658],[-78.4006,-1.1843],[-78.4127,-1.1789],[-78.4355,-1.1972],[-78.4386,-1.2202],[-78.4653,-1.2347],[-78.4852,-1.2279],[-78.5209,-1.244],[-78.5077,-1.2765],[-78.5192,-1.3078],[-78.5082,-1.3398],[-78.4915,-1.3599],[-78.4955,-1.3832],[-78.479,-1.3867],[-78.472,-1.4041],[-78.4587,-1.4016],[-78.4601,-1.3653],[-78.4467,-1.3571],[-78.4066,-1.3454],[-78.3974,-1.3218],[-78.366,-1.3244],[-78.3565,-1.2913],[-78.343,-1.2768],[-78.3439,-1.2622],[-78.3333,-1.2465],[-78.3247,-1.2159],[-78.3429,-1.1744]]]},"properties":{"ciudad":"Patate","provincia":"Tungurahua"}},
{"type":"Feature","geometry":{"type":"Polygon","coordinates":[[[-78.8808,-2.829],[-78.8482,-2.8525],[-78.835,-2.8575],[-78.8025,-2.8561],[-78.7836,-2.8647],[-78.7702,-2.851],[-78.7552,-2.8502],[-78.7269,-2.8115],[-78.7339,-2.7812],[-78.7506,-2.7701],[-78.7287,-2.756],[-78.6968,-2.7645],[-78.6767,-2.744],[-78.6419,-2.7223],[-78.6265,-2.6985],[-78.6171,-2.6672],[-78.617,-2.629],[-78.6364,-2.648],[-78.6586,-2.657],[-78.6663,-2.676],[-78.6852,-2.6679],[-78.7059,-2.6869],[-78.7317,-2.6907],[-78.7486,-2.6751],[-78.7698,-2.6731],[-78.8003,-2.7145],[-78.7926,-2.7345],[-78.7999,-2.7726],[-78.8226,-2.7991],[-78.8167,-2.8231],[-78.8744,-2.8243],[-78.8808,-2.829]]]},"properties":{"ciudad":"Paute","provincia":"Azuay"}},
{"type":"Feature","geometry":{"type":"Polygon","coordinates":[[[-79.6029,0.0824],[-79.5919,0.0858],[-79.5791,0.1084],[-79.5974,0.1212],[-79.6259,0.158],[-79.64,0.1526],[-79.6654,0.1783],[-79.676,0.164],[-79.6897,0.167],[-79.7097,0.1911],[-79.7048,0.2118],[-79.6805,0.2339],[-79.6654,0.2624],[-79.6869,0.2741],[-79.6975,0.2889],[-79.7175,0.2913],[-79.7224,0.3161],[-79.7059,0.342],[-79.7185,0.3644],[-79.7456,0.374],[-79.7671,0.3676],[-79.7797,0.3366],[-79.7963,0.3339],[-79.8227,0.3178],[-79.832,0.3245],[-79.8949,0.3121],[-79.9014,0.2924],[-79.9031,0.2768],[-79.9111,0.2709],[-79.9199,0.2752],[-79.9269,0.2655],[-79.9209,0.2598],[-79.923,0.2554],[-79.9335,0.2538],[-79.9446,0.2069],[-79.9557,0.1989],[-79.9967,0.2329],[-79.9971,0.2634],[-79.9907,0.2835],[-80.0041,0.3411],[-80.0357,0.3719],[-80.0413,0.3595],[-80.0366,0.3218],[-80.0348,0.2588],[-80.0305,0.2056],[-80.0317,0.1763],[-80.0412,0.1237],[-80.0599,0.0658],[-80.0739,0.0459],[-80.0884,0.0491],[-80.0966,0.0117],[-80.1148,-0.0055],[-80.1415,-0.0488],[-80.16,-0.0673],[-80.1439,-0.0725],[-80.1261,-0.063],[-80.1163,-0.0719],[-80.1034,-0.0995],[-80.1099,-0.1175],[-80.1308,-0.1294],[-80.1013,-0.1671],[-80.1103,-0.21],[-80.1006,-0.2314],[-80.0829,-0.2364],[-80.035,-0.2013],[-80.0207,-0.1857],[-79.9916,-0.169],[-79.9659,-0.1463],[-79.9661,-0.1112],[-79.9535,-0.0966],[-79.9367,-0.0924],[-79.9315,-0.0752],[-79.9093,-0.0573],[-79.8856,-0.0561],[-79.8421,-0.022],[-79.8336,0.0035],[-79.8224,0],[-79.7442,0.0193],[-79.726,0.0341],[-79.7044,0.0344],[-79.7038,0.0575],[-79.6313,0.0676],[-79.6298,0.0807],[-79.6029,0.0824]]]},"properties":{"ciudad":"Pedernales","provincia":"Manabí"}},
{"type":"Feature","geometry":{"type":"Polygon","coordinates":[[[-80.2114,-1.6935],[-80.2343,-1.6877],[-80.2817,-1.6906],[-80.2902,-1.71],[-80.3165,-1.6903],[-80.3349,-1.7061],[-80.333,-1.724],[-80.3538,-1.723],[-80.3636,-1.7395],[-80.4189,-1.7856],[-80.4261,-1.8089],[-80.41,-1.8232],[-80.4258,-1.8358],[-80.4369,-1.875],[-80.4287,-1.9251],[-80.4404,-1.943],[-80.4418,-1.9566],[-80.4179,-1.9697],[-80.4154,-1.9815],[-80.3923,-1.9813],[-80.3428,-2.0012],[-80.3428,-2.0255],[-80.3122,-2.0559],[-80.3092,-2.0743],[-80.2851,-2.0923],[-80.264,-2.081],[-80.2538,-2.0327],[-80.2596,-2.0189],[-80.256,-1.9851],[-80.2602,-1.9494],[-80.2349,-1.945],[-80.2052,-1.9086],[-80.1907,-1.8793],[-80.1648,-1.8653],[-80.1498,-1.8678],[-80.1448,-1.8337],[-80.1208,-1.8001],[-80.1314,-1.7731],[-80.1525,-1.7576],[-80.1686,-1.7364],[-80.1628,-1.683],[-80.1458,-1.646],[-80.1741,-1.652],[-80.2047,-1.6693],[-80.199,-1.6854],[-80.2114,-1.6935]]]},"properties":{"ciudad":"Pedro Carbo","provincia":"Guayas"}},
{"type":"Feature","geometry":{"type":"Polygon","coordinates":[[[-78.1876,0.1397],[-78.2011,0.1282],[-78.224,0.1294],[-78.2452,0.1229],[-78.258,0.1361],[-78.2798,0.1394],[-78.2985,0.1579],[-78.309,0.1307],[-78.3016,0.1181],[-78.3297,0.1058],[-78.3275,0.0881],[-78.3756,0.0483],[-78.4007,0.0194],[-78.4025,-0.0035],[-78.3953,-0.0353],[-78.387,-0.0389],[-78.3575,-0.0227],[-78.3394,-0.0372],[-78.3188,-0.0199],[-78.3008,-0.0045],[-78.2397,0.0018],[-78.2022,0.0176],[-78.1905,-0.0021],[-78.1663,0.0272],[-78.1701,0.0432],[-78.1595,0.0604],[-78.1624,0.0862],[-78.1876,0.1397]]]},"properties":{"ciudad":"Pedro Moncayo","provincia":"Pichincha"}},
{"type":"Feature","geometry":{"type":"Polygon","coordinates":[[[-79.0167,0.2724],[-79.0308,0.2926],[-79.0561,0.2934],[-79.0597,0.3076],[-79.0869,0.2995],[-79.1131,0.3051],[-79.1298,0.3203],[-79.1476,0.3164],[-79.1223,0.2968],[-79.1222,0.2737],[-79.1447,0.273],[-79.1477,0.1943],[-79.151,0.1829],[-79.1414,0.1567],[-79.1411,0.1379],[-79.1641,0.1418],[-79.167,0.071],[-79.1391,0.0406],[-79.1321,0.032],[-79.0933,0.0243],[-79.0864,0.0174],[-79.0519,0.016],[-79.0297,0.0008],[-78.9952,0.0033],[-78.9952,0.0436],[-78.9798,0.0437],[-78.9796,0.063],[-78.961,0.0711],[-78.9586,0.0955],[-78.9326,0.0957],[-78.9392,0.118],[-78.9324,0.1451],[-78.936,0.1739],[-78.948,0.2034],[-78.9663,0.2229],[-78.9812,0.2104],[-79.0093,0.2257],[-79.0165,0.239],[-79.0167,0.2724]]]},"properties":{"ciudad":"Pedro Vicente Maldonado","provincia":"Pichincha"}},
{"type":"Feature","geometry":{"type":"Polygon","coordinates":[[[-78.4483,-1.4678],[-78.5055,-1.4394],[-78.5129,-1.472],[-78.5139,-1.4964],[-78.5406,-1.5447],[-78.5336,-1.5557],[-78.535,-1.5894],[-78.5484,-1.5917],[-78.5359,-1.6048],[-78.5114,-1.6106],[-78.5129,-1.6509],[-78.465,-1.665],[-78.4588,-1.6724],[-78.4089,-1.6747],[-78.4108,-1.6653],[-78.3637,-1.6444],[-78.3666,-1.6136],[-78.3773,-1.5852],[-78.3753,-1.5352],[-78.358,-1.5216],[-78.3643,-1.4971],[-78.3896,-1.4934],[-78.396,-1.4849],[-78.4233,-1.486],[-78.4483,-1.4678]]]},"properties":{"ciudad":"Penipe","provincia":"Chimborazo"}},
{"type":"Feature","geometry":{"type":"Polygon","coordinates":[[[-79.8405,-1.0732],[-79.8334,-1.0501],[-79.8166,-1.0506],[-79.8121,-1.0326],[-79.7999,-1.0205],[-79.801,-0.9926],[-79.7894,-0.9774],[-79.7733,-0.9786],[-79.7712,-0.9474],[-79.7247,-0.8819],[-79.7051,-0.8832],[-79.6965,-0.8721],[-79.7101,-0.8494],[-79.6794,-0.8215],[-79.6856,-0.7854],[-79.6721,-0.7602],[-79.6738,-0.7353],[-79.6929,-0.7159],[-79.718,-0.7013],[-79.7454,-0.6951],[-79.762,-0.6585],[-79.7894,-0.6605],[-79.8297,-0.6358],[-79.8589,-0.6376],[-79.8844,-0.6486],[-79.9043,-0.6852],[-79.888,-0.6949],[-79.8775,-0.7148],[-79.8796,-0.7627],[-79.8872,-0.7758],[-79.9177,-0.7964],[-79.9384,-0.7946],[-79.935,-0.8106],[-79.9081,-0.8195],[-79.8983,-0.8406],[-79.9087,-0.8626],[-79.8989,-0.8862],[-79.885,-0.8947],[-79.8847,-0.9108],[-79.898,-0.915],[-79.9175,-0.9333],[-79.9093,-0.9413],[-79.9151,-0.9803],[-79.9338,-0.9969],[-79.9537,-0.9823],[-79.9812,-0.9781],[-79.9838,-1.0236],[-79.9929,-1.0378],[-80.0154,-1.0492],[-80.0265,-1.0742],[-80.0352,-1.0753],[-80.038,-1.1221],[-80.031,-1.1284],[-79.9844,-1.1306],[-79.9825,-1.1393],[-79.9551,-1.1385],[-79.938,-1.1517],[-79.9087,-1.1392],[-79.9031,-1.1261],[-79.8747,-1.1039],[-79.8614,-1.0998],[-79.8405,-1.0732]]]},"properties":{"ciudad":"Pichincha","provincia":"Manabí"}},
{"type":"Feature","geometry":{"type":"Polygon","coordinates":[[[-77.9626,0.4333],[-77.9758,0.3744],[-77.9887,0.3394],[-78.012,0.3245],[-78.0163,0.2922],[-78.0341,0.281],[-78.0283,0.2673],[-78.0339,0.2318],[-78.0314,0.1883],[-78.0022,0.1725],[-77.9669,0.1686],[-77.9652,0.158],[-77.9565,0.157],[-77.9414,0.18],[-77.9284,0.1777],[-77.9247,0.1977],[-77.9118,0.2049],[-77.885,0.1999],[-77.8719,0.2068],[-77.8654,0.2312],[-77.8514,0.2472],[-77.8397,0.307],[-77.8258,0.3226],[-77.8127,0.3568],[-77.8378,0.3566],[-77.8646,0.3809],[-77.9237,0.4013],[-77.9457,0.4312],[-77.9626,0.4333]]]},"properties":{"ciudad":"Pimampiro","provincia":"Imbabura"}},
{"type":"Feature","geometry":{"type":"Polygon","coordinates":[[[-79.9535,-3.7063],[-79.9249,-3.7177],[-79.9139,-3.74],[-79.8811,-3.747],[-79.8615,-3.7239],[-79.8293,-3.7303],[-79.8054,-3.7283],[-79.791,-3.766],[-79.8138,-3.7865],[-79.8144,-3.8086],[-79.8341,-3.807],[-79.8533,-3.8246],[-79.8212,-3.8404],[-79.802,-3.8422],[-79.7858,-3.8444],[-79.7459,-3.8314],[-79.7141,-3.8284],[-79.6857,-3.7968],[-79.6801,-3.7787],[-79.6462,-3.7689],[-79.6439,-3.7476],[-79.633,-3.718],[-79.6352,-3.7024],[-79.6465,-3.6858],[-79.6375,-3.667],[-79.6528,-3.6416],[-79.6808,-3.6524],[-79.692,-3.6419],[-79.7131,-3.5801],[-79.7408,-3.5747],[-79.7557,-3.5875],[-79.7627,-3.6056],[-79.7829,-3.619],[-79.7946,-3.6363],[-79.8314,-3.6198],[-79.8688,-3.5997],[-79.8868,-3.6075],[-79.9021,-3.5977],[-79.9309,-3.5991],[-79.9447,-3.6156],[-79.9306,-3.665],[-79.9436,-3.6815],[-79.9535,-3.7063]]]},"properties":{"ciudad":"Piñas","provincia":"El Oro"}},
{"type":"Feature","geometry":{"type":"Polygon","coordinates":[[[-80.0107,-4.0524],[-80.0148,-4.0429],[-80.0599,-4.044],[-80.0912,-4.0536],[-80.1272,-4.0271],[-80.1887,-4.046],[-80.2327,-4.0641],[-80.2166,-4.0671],[-80.1987,-4.1053],[-80.1967,-4.1345],[-80.1774,-4.169],[-80.1461,-4.1447],[-80.1231,-4.1728],[-80.1144,-4.174],[-80.0912,-4.1471],[-80.0919,-4.136],[-80.0697,-4.1191],[-80.0767,-4.0842],[-80.0429,-4.0727],[-80.0212,-4.071],[-80.0107,-4.0524]]]},"properties":{"ciudad":"Pindal","provincia":"Loja"}},
{"type":"Feature","geometry":{"type":"Polygon","coordinates":[[[-80.4676,-2.4772],[-80.4748,-2.491],[-80.4952,-2.5002],[-80.522,-2.4889],[-80.5428,-2.4887],[-80.5619,-2.5057],[-80.5145,-2.5557],[-80.4965,-2.5706],[-80.45,-2.6291],[-80.4358,-2.6403],[-80.4098,-2.6441],[-80.3917,-2.637],[-80.3598,-2.677],[-80.3098,-2.715],[-80.3221,-2.6898],[-80.3587,-2.6707],[-80.3548,-2.6509],[-80.3593,-2.6278],[-80.3703,-2.6112],[-80.3747,-2.5818],[-80.3772,-2.5235],[-80.388,-2.5198],[-80.3887,-2.4749],[-80.3968,-2.4657],[-80.422,-2.4709],[-80.4487,-2.4669],[-80.4676,-2.4772]]]},"properties":{"ciudad":"Playas","provincia":"Guayas"}},
{"type":"Feature","geometry":{"type":"Polygon","coordinates":[[[-79.5463,-3.7984],[-79.5167,-3.7884],[-79.5001,-3.7896],[-79.4886,-3.8033],[-79.4723,-3.8022],[-79.4441,-3.8125],[-79.4265,-3.7922],[-79.4052,-3.7836],[-79.4039,-3.7521],[-79.4152,-3.7242],[-79.3828,-3.7001],[-79.3738,-3.6804],[-79.4035,-3.6675],[-79.4846,-3.6913],[-79.5158,-3.696],[-79.5595,-3.7152],[-79.5788,-3.6974],[-79.6052,-3.6963],[-79.6352,-3.7024],[-79.633,-3.718],[-79.6439,-3.7476],[-79.6462,-3.7689],[-79.6194,-3.7501],[-79.6077,-3.752],[-79.5838,-3.7904],[-79.5763,-3.7953],[-79.5593,-3.8029],[-79.5463,-3.7984]]]},"properties":{"ciudad":"Portovelo","provincia":"El Oro"}},
{"type":"Feature","geometry":{"type":"Polygon","coordinates":[[[-80.1108,-1.0199],[-80.1385,-1.0048],[-80.1347,-0.9879],[-80.1593,-0.9737],[-80.1988,-0.9892],[-80.2051,-1.0027],[-80.2511,-1.0021],[-80.2538,-0.9885],[-80.297,-0.9472],[-80.3223,-0.9548],[-80.3383,-0.9478],[-80.3603,-0.9543],[-80.371,-0.9446],[-80.3848,-0.9553],[-80.4244,-0.9558],[-80.4311,-0.9738],[-80.4504,-0.9634],[-80.5064,-0.9624],[-80.5275,-0.932],[-80.5133,-0.9065],[-80.5029,-0.8706],[-80.4928,-0.869],[-80.4922,-0.8551],[-80.5094,-0.8345],[-80.517,-0.7976],[-80.5423,-0.8742],[-80.559,-0.9003],[-80.5852,-0.9279],[-80.5644,-0.9526],[-80.5429,-0.9911],[-80.5395,-1.0198],[-80.5463,-1.0628],[-80.5186,-1.0991],[-80.5519,-1.1084],[-80.5495,-1.1477],[-80.533,-1.169],[-80.5395,-1.1881],[-80.5362,-1.2007],[-80.5105,-1.1818],[-80.4671,-1.1637],[-80.4131,-1.1723],[-80.3854,-1.157],[-80.3415,-1.1517],[-80.3248,-1.1184],[-80.3083,-1.1064],[-80.2941,-1.1102],[-80.2864,-1.097],[-80.254,-1.0868],[-80.2313,-1.089],[-80.1815,-1.0827],[-80.1752,-1.0877],[-80.1388,-1.083],[-80.1351,-1.0973],[-80.1042,-1.0714],[-80.0777,-1.0622],[-80.0526,-1.0635],[-80.0352,-1.0753],[-80.0265,-1.0742],[-80.0154,-1.0492],[-80.0209,-1.0262],[-80.0491,-1.0188],[-80.0631,-1.0209],[-80.0904,-1.0386],[-80.1093,-1.0368],[-80.1108,-1.0199]]]},"properties":{"ciudad":"Portoviejo","provincia":"Manabí"}},
{"type":"Feature","geometry":{"type":"Polygon","coordinates":[[[-79.6341,-3.1369],[-79.6195,-3.1489],[-79.5977,-3.1807],[-79.6022,-3.2161],[-79.6268,-3.2314],[-79.6365,-3.2477],[-79.6331,-3.2672],[-79.6442,-3.3014],[-79.6632,-3.3204],[-79.6316,-3.3212],[-79.6106,-3.3286],[-79.5805,-3.3245],[-79.5695,-3.3141],[-79.5398,-3.3143],[-79.5156,-3.3074],[-79.4795,-3.3176],[-79.4668,-3.3039],[-79.4401,-3.2982],[-79.4341,-3.2514],[-79.4267,-3.2272],[-79.4115,-3.2119],[-79.4114,-3.19],[-79.4379,-3.1531],[-79.4541,-3.1406],[-79.4419,-3.1187],[-79.4453,-3.1058],[-79.4343,-3.0922],[-79.4582,-3.0691],[-79.4626,-3.0517],[-79.4767,-3.0468],[-79.4953,-3.0505],[-79.5133,-3.0316],[-79.5349,-3.0203],[-79.5609,-3.0566],[-79.5741,-3.0895],[-79.6057,-3.108],[-79.6279,-3.1093],[-79.6081,-3.1373],[-79.6341,-3.1369]]]},"properties":{"ciudad":"Pucara","provincia":"Azuay"}},
{"type":"Feature","geometry":{"type":"Polygon","coordinates":[[[-79.5945,-1.7001],[-79.5771,-1.6998],[-79.5477,-1.6767],[-79.5283,-1.6903],[-79.4988,-1.6945],[-79.4896,-1.669],[-79.4835,-1.6527],[-79.501,-1.6313],[-79.491,-1.6233],[-79.5006,-1.5721],[-79.5022,-1.5204],[-79.5108,-1.4856],[-79.5109,-1.443],[-79.4942,-1.4174],[-79.4918,-1.4011],[-79.54,-1.3736],[-79.5519,-1.3727],[-79.5614,-1.3914],[-79.5614,-1.4121],[-79.5997,-1.4496],[-79.5786,-1.4652],[-79.5854,-1.4854],[-79.587,-1.5234],[-79.5994,-1.5416],[-79.5962,-1.5695],[-79.5789,-1.5737],[-79.5873,-1.5951],[-79.6135,-1.6032],[-79.6229,-1.5975],[-79.6339,-1.6233],[-79.5893,-1.6176],[-79.5771,-1.6295],[-79.5945,-1.6497],[-79.5982,-1.6639],[-79.5945,-1.7001]]]},"properties":{"ciudad":"Puebloviejo","provincia":"Los Ríos"}},
{"type":"Feature","geometry":{"type":"Polygon","coordinates":[[[-80.7577,-1.3932],[-80.7544,-1.4304],[-80.7672,-1.4375],[-80.7633,-1.4564],[-80.7687,-1.4791],[-80.8034,-1.4955],[-80.8178,-1.5206],[-80.811,-1.5509],[-80.8179,-1.5629],[-80.8418,-1.5666],[-80.8446,-1.61],[-80.8111,-1.6832],[-80.8028,-1.7115],[-80.7481,-1.6685],[-80.7307,-1.6852],[-80.7084,-1.6738],[-80.678,-1.6748],[-80.6698,-1.6563],[-80.6693,-1.6277],[-80.6819,-1.5839],[-80.6779,-1.5521],[-80.7014,-1.5204],[-80.7082,-1.4955],[-80.6999,-1.4637],[-80.6829,-1.4332],[-80.6959,-1.4056],[-80.7125,-1.3961],[-80.7179,-1.3794],[-80.7408,-1.3829],[-80.7577,-1.3932]]]},"properties":{"ciudad":"Puerto López","provincia":"Manabí"}},
{"type":"Feature","geometry":{"type":"Polygon","coordinates":[[[-79.2943,0.0172],[-79.2319,0.0034],[-79.211,0.0029],[-79.184,-0.0141],[-79.1689,-0.0153],[-79.1661,0.0015],[-79.1309,0.0032],[-79.1493,0.0241],[-79.1391,0.0406],[-79.167,0.071],[-79.1641,0.1418],[-79.1411,0.1379],[-79.1414,0.1567],[-79.151,0.1829],[-79.1477,0.1943],[-79.1447,0.273],[-79.1222,0.2737],[-79.1223,0.2968],[-79.1476,0.3164],[-79.1787,0.3127],[-79.2043,0.3227],[-79.2321,0.3269],[-79.2414,0.3201],[-79.2701,0.3188],[-79.2724,0.2925],[-79.2918,0.2816],[-79.2988,0.2653],[-79.3187,0.2546],[-79.3545,0.2455],[-79.356,0.2294],[-79.3477,0.2109],[-79.3145,0.1939],[-79.304,0.181],[-79.3137,0.1583],[-79.3251,0.1558],[-79.335,0.1081],[-79.3495,0.098],[-79.3545,0.0673],[-79.3677,0.0514],[-79.3666,0.0214],[-79.3235,0.0212],[-79.3135,0.0138],[-79.2943,0.0172]]]},"properties":{"ciudad":"Puerto Quito","provincia":"Pichincha"}},
{"type":"Feature","geometry":{"type":"Polygon","coordinates":[[[-78.7895,-1.1433],[-78.8054,-1.1162],[-78.8395,-1.1052],[-78.845,-1.0867],[-78.8285,-1.0321],[-78.8124,-1.03],[-78.7887,-1.0477],[-78.7341,-1.0478],[-78.7056,-1.0675],[-78.67,-1.0583],[-78.6353,-1.0621],[-78.6357,-1.0356],[-78.6128,-1.0052],[-78.622,-0.9926],[-78.6526,-0.9793],[-78.6669,-0.9358],[-78.6782,-0.9353],[-78.6787,-0.9006],[-78.6986,-0.8895],[-78.7162,-0.8927],[-78.7472,-0.9092],[-78.7547,-0.9073],[-78.7953,-0.9244],[-78.8085,-0.9197],[-78.8162,-0.8925],[-78.8054,-0.8721],[-78.8103,-0.8632],[-78.8034,-0.8311],[-78.8088,-0.8179],[-78.8347,-0.8225],[-78.8556,-0.8423],[-78.8717,-0.832],[-78.9222,-0.8724],[-78.9506,-0.8635],[-78.9901,-0.8882],[-79.0081,-0.8862],[-79.0516,-0.8929],[-79.0637,-0.8826],[-79.0812,-0.8823],[-79.0937,-0.8701],[-79.1173,-0.8622],[-79.1549,-0.8604],[-79.1629,-0.8767],[-79.1654,-0.9122],[-79.1951,-0.9381],[-79.1642,-0.9576],[-79.1292,-0.9646],[-79.1227,-0.9765],[-79.154,-0.9954],[-79.1369,-1.0071],[-79.1118,-1.0105],[-79.1016,-1.0034],[-79.0835,-1.0148],[-79.0521,-1.0111],[-79.0467,-1.0195],[-79.0537,-1.0483],[-79.0334,-1.0691],[-78.9746,-1.0497],[-78.9829,-1.0709],[-79.0174,-1.1209],[-79.0082,-1.1326],[-78.9807,-1.1274],[-78.964,-1.1415],[-78.9656,-1.1637],[-78.9527,-1.1676],[-78.9346,-1.1882],[-78.9238,-1.1828],[-78.8773,-1.1972],[-78.8621,-1.1914],[-78.8315,-1.1716],[-78.8221,-1.1461],[-78.7895,-1.1433]]]},"properties":{"ciudad":"Pujili","provincia":"Cotopaxi"}},
{"type":"Feature","geometry":{"type":"Polygon","coordinates":[[[-75.6105,-0.1136],[-75.5688,-0.1318],[-75.5502,-0.1297],[-75.516,-0.115],[-75.5037,-0.1275],[-75.4688,-0.1394],[-75.4602,-0.1525],[-75.4325,-0.1534],[-75.4037,-0.1707],[-75.3737,-0.1649],[-75.3645,-0.1466],[-75.3227,-0.1601],[-75.3076,-0.1563],[-75.2736,-0.1323],[-75.2984,-0.1064],[-75.3268,-0.1053],[-75.3525,-0.0918],[-75.368,-0.0903],[-75.3875,-0.0992],[-75.4319,-0.0818],[-75.468,-0.0507],[-75.5068,-0.0459],[-75.5232,-0.0265],[-75.5734,-0.0255],[-75.5833,-0.014],[-75.5789,0.003],[-75.5867,0.0174],[-75.6024,0.0149],[-75.6293,0.0281],[-75.6327,0.0431],[-75.6527,0.0304],[-75.6647,0.0408],[-75.6908,0.0371],[-75.748,0.0362],[-75.7715,0.0417],[-75.7876,0.056],[-75.8019,0.0503],[-75.8135,0.0594],[-75.8141,0.0773],[-75.8395,0.1044],[-75.8594,0.1351],[-75.88,0.121],[-75.9002,0.164],[-75.9145,0.1711],[-75.9379,0.2001],[-75.9537,0.2015],[-75.9599,0.2346],[-76.0038,0.2484],[-75.9959,0.2653],[-76.0043,0.2953],[-76.0464,0.3119],[-76.0537,0.3333],[-76.083,0.3368],[-76.0971,0.3179],[-76.1211,0.3247],[-76.1182,0.3439],[-76.1344,0.3738],[-76.1603,0.3894],[-76.1742,0.3722],[-76.198,0.374],[-76.208,0.3861],[-76.2285,0.3768],[-76.2321,0.4006],[-76.262,0.4075],[-76.2594,0.4246],[-76.2755,0.4361],[-76.2916,0.4235],[-76.3143,0.4343],[-76.3307,0.4161],[-76.3342,0.3885],[-76.3551,0.3795],[-76.372,0.3945],[-76.412,0.3799],[-76.4121,0.2416],[-76.3944,0.2394],[-76.3835,0.252],[-76.3554,0.2237],[-76.3284,0.2142],[-76.3067,0.2349],[-76.2573,0.2231],[-76.2571,0.2016],[-76.2774,0.2037],[-76.2932,0.1742],[-76.3151,0.1652],[-76.3504,0.1652],[-76.3646,0.1454],[-76.4028,0.1288],[-76.4143,0.1291],[-76.4303,0.1147],[-76.439,0.0825],[-76.4241,0.0685],[-76.4318,0.0566],[-76.427,0.0392],[-76.3837,0.0048],[-76.3802,-0.0218],[-76.3579,-0.0318],[-76.3059,-0.0312],[-76.2824,-0.037],[-76.2209,-0.0367],[-76.1859,-0.0238],[-76.173,-0.0356],[-76.1694,-0.0647],[-76.1487,-0.0896],[-76.131,-0.0977],[-76.1033,-0.0956],[-76.0692,-0.1114],[-76.0175,-0.0937],[-75.9888,-0.1112],[-75.982,-0.1326],[-75.9578,-0.1243],[-75.9634,-0.1521],[-75.9532,-0.1629],[-75.9356,-0.1638],[-75.9017,-0.0944],[-75.8791,-0.107],[-75.8492,-0.1311],[-75.8211,-0.1288],[-75.7859,-0.1321],[-75.7516,-0.1463],[-75.7276,-0.1655],[-75.6788,-0.171],[-75.6546,-0.1632],[-75.6398,-0.1493],[-75.6182,-0.1126],[-75.6105,-0.1136]]]},"properties":{"ciudad":"Putumayo","provincia":"Sucumbíos"}},
{"type":"Feature","geometry":{"type":"Polygon","coordinates":[[[-79.9707,-4.0575],[-79.9712,-4.0273],[-79.9464,-4.0211],[-79.9223,-4.0401],[-79.8716,-4.03],[-79.8797,-4.0017],[-79.8943,-3.9977],[-79.9092,-3.9618],[-79.9122,-3.931],[-79.9381,-3.9102],[-79.9441,-3.8955],[-79.9852,-3.877],[-79.9983,-3.8565],[-80.0328,-3.874],[-80.0702,-3.879],[-80.1097,-3.8891],[-80.1275,-3.8885],[-80.1399,-3.9125],[-80.1587,-3.913],[-80.2166,-3.9566],[-80.2401,-3.9556],[-80.2418,-3.9683],[-80.2727,-4.008],[-80.2958,-4.0161],[-80.2885,-4.0371],[-80.2707,-4.0576],[-80.2327,-4.0641],[-80.1887,-4.046],[-80.1272,-4.0271],[-80.0912,-4.0536],[-80.0599,-4.044],[-80.0148,-4.0429],[-80.0107,-4.0524],[-80.0001,-4.0728],[-79.9707,-4.0575]]]},"properties":{"ciudad":"Puyango","provincia":"Loja"}},
{"type":"Feature","geometry":{"type":"Polygon","coordinates":[[[-78.6121,-1.3749],[-78.6182,-1.3985],[-78.6973,-1.4482],[-78.7156,-1.47],[-78.7265,-1.4697],[-78.7023,-1.4967],[-78.6518,-1.4998],[-78.638,-1.4934],[-78.6204,-1.5061],[-78.6029,-1.4894],[-78.5857,-1.4902],[-78.5627,-1.4755],[-78.5399,-1.4798],[-78.5436,-1.4353],[-78.5637,-1.4178],[-78.5705,-1.3781],[-78.5902,-1.3522],[-78.5969,-1.3666],[-78.6121,-1.3749]]]},"properties":{"ciudad":"Quero","provincia":"Tungurahua"}},
{"type":"Feature","geometry":{"type":"Polygon","coordinates":[[[-79.5072,-0.9448],[-79.5082,-0.9681],[-79.5256,-0.9794],[-79.5269,-1.0099],[-79.5353,-1.0506],[-79.5533,-1.0643],[-79.5851,-1.0695],[-79.6166,-1.0639],[-79.6016,-1.0771],[-79.5522,-1.0871],[-79.5021,-1.0784],[-79.4886,-1.072],[-79.4655,-1.0837],[-79.4472,-1.1011],[-79.4656,-1.1388],[-79.4508,-1.1642],[-79.4318,-1.1783],[-79.4273,-1.1934],[-79.4106,-1.1749],[-79.4142,-1.1433],[-79.4042,-1.1208],[-79.3782,-1.1255],[-79.3772,-1.1102],[-79.3917,-1.0847],[-79.3908,-1.0604],[-79.3993,-1.0535],[-79.3842,-1.0131],[-79.3694,-0.9967],[-79.4281,-0.9448],[-79.4512,-0.9462],[-79.4555,-0.9613],[-79.4908,-0.9432],[-79.5072,-0.9448]]]},"properties":{"ciudad":"Quevedo","provincia":"Los Ríos"}},
{"type":"Feature","geometry":{"type":"Polygon","coordinates":[[[-77.6275,-0.5414],[-77.6091,-0.5202],[-77.5787,-0.5016],[-77.5671,-0.4854],[-77.5711,-0.4626],[-77.5868,-0.4662],[-77.6179,-0.462],[-77.625,-0.4535],[-77.6514,-0.4527],[-77.6605,-0.4344],[-77.6925,-0.4322],[-77.7538,-0.4335],[-77.7732,-0.4413],[-77.787,-0.4213],[-77.8209,-0.4166],[-77.84,-0.3965],[-77.8638,-0.388],[-77.8846,-0.3998],[-77.9081,-0.4022],[-77.9288,-0.412],[-77.9365,-0.3947],[-77.959,-0.3832],[-77.9752,-0.3828],[-77.9971,-0.3563],[-78.0042,-0.3389],[-78.0269,-0.338],[-78.0343,-0.318],[-78.0687,-0.2771],[-78.078,-0.2811],[-78.0893,-0.2443],[-78.0965,-0.2408],[-78.1205,-0.2552],[-78.1584,-0.255],[-78.186,-0.2625],[-78.1913,-0.2748],[-78.1915,-0.3191],[-78.2147,-0.3551],[-78.2556,-0.4073],[-78.2357,-0.4367],[-78.2363,-0.4551],[-78.2048,-0.4662],[-78.1834,-0.4605],[-78.1421,-0.4846],[-78.146,-0.4977],[-78.1624,-0.5098],[-78.1636,-0.5263],[-78.1799,-0.5703],[-78.1401,-0.6001],[-78.1041,-0.588],[-78.0861,-0.607],[-78.0335,-0.5994],[-78.002,-0.6139],[-77.9772,-0.6392],[-77.9504,-0.6445],[-77.9304,-0.6635],[-77.9134,-0.6592],[-77.9079,-0.6406],[-77.8863,-0.6435],[-77.8726,-0.6627],[-77.8562,-0.6354],[-77.8221,-0.6127],[-77.8078,-0.5959],[-77.8095,-0.579],[-77.7969,-0.5473],[-77.7808,-0.5388],[-77.7702,-0.5193],[-77.7446,-0.5139],[-77.7328,-0.4889],[-77.7118,-0.5026],[-77.6991,-0.502],[-77.663,-0.5261],[-77.6423,-0.53],[-77.6275,-0.5414]]]},"properties":{"ciudad":"Quijos","provincia":"Napo"}},
{"type":"Feature","geometry":{"type":"Polygon","coordinates":[[[-79.4409,-4.406],[-79.4058,-4.4013],[-79.3984,-4.4134],[-79.3826,-4.4127],[-79.3513,-4.4245],[-79.3463,-4.4509],[-79.329,-4.4454],[-79.3158,-4.457],[-79.3078,-4.4486],[-79.3181,-4.4008],[-79.3111,-4.3729],[-79.3159,-4.3541],[-79.3318,-4.3387],[-79.3206,-4.3226],[-79.331,-4.3029],[-79.3315,-4.2774],[-79.3559,-4.2878],[-79.3739,-4.2846],[-79.3764,-4.2688],[-79.403,-4.2474],[-79.4243,-4.2666],[-79.4619,-4.2595],[-79.472,-4.3006],[-79.4609,-4.3225],[-79.4362,-4.3288],[-79.4402,-4.3466],[-79.4286,-4.3655],[-79.4268,-4.3821],[-79.4409,-4.406]]]},"properties":{"ciudad":"Quilanga","provincia":"Loja"}},
{"type":"Feature","geometry":{"type":"Polygon","coordinates":[[[-79.6058,-0.0212],[-79.5775,-0.019],[-79.5524,-0.0248],[-79.4958,-0.0279],[-79.4619,-0.0384],[-79.4427,-0.0308],[-79.459,-0.0085],[-79.4462,0.0046],[-79.4242,0.005],[-79.4205,0.0228],[-79.407,0.0261],[-79.3666,0.0214],[-79.3677,0.0514],[-79.3545,0.0673],[-79.3495,0.098],[-79.335,0.1081],[-79.3251,0.1558],[-79.3137,0.1583],[-79.304,0.181],[-79.3145,0.1939],[-79.3477,0.2109],[-79.356,0.2294],[-79.3545,0.2455],[-79.3187,0.2546],[-79.2988,0.2653],[-79.2918,0.2816],[-79.2724,0.2925],[-79.2701,0.3188],[-79.2637,0.3406],[-79.2116,0.3462],[-79.1903,0.34],[-79.1621,0.3483],[-79.1162,0.3349],[-79.0799,0.3339],[-79.0365,0.3065],[-79.0233,0.3075],[-78.9956,0.3234],[-78.9539,0.3574],[-78.9235,0.3595],[-78.9369,0.3879],[-78.9362,0.4265],[-78.9766,0.4809],[-78.9782,0.5141],[-79.0053,0.5425],[-79.019,0.5409],[-79.041,0.518],[-79.0673,0.519],[-79.0783,0.5106],[-79.1206,0.505],[-79.1397,0.4928],[-79.1562,0.5097],[-79.1843,0.4995],[-79.1949,0.5213],[-79.2255,0.524],[-79.2253,0.5554],[-79.2315,0.5754],[-79.251,0.5914],[-79.2657,0.5814],[-79.2891,0.5843],[-79.3109,0.5726],[-79.3371,0.5945],[-79.3575,0.5916],[-79.3729,0.5978],[-79.3966,0.5924],[-79.4119,0.573],[-79.447,0.5766],[-79.444,0.5932],[-79.4633,0.6187],[-79.4824,0.6225],[-79.5031,0.6374],[-79.508,0.65],[-79.5619,0.6777],[-79.6123,0.6497],[-79.6149,0.636],[-79.6398,0.6304],[-79.6526,0.6209],[-79.6901,0.6112],[-79.7026,0.619],[-79.7258,0.6088],[-79.7398,0.5879],[-79.7398,0.5786],[-79.7624,0.5566],[-79.7528,0.543],[-79.7536,0.5249],[-79.7898,0.5161],[-79.805,0.52],[-79.8152,0.5085],[-79.7891,0.455],[-79.7825,0.4303],[-79.7871,0.4041],[-79.8075,0.3868],[-79.832,0.3245],[-79.8227,0.3178],[-79.7963,0.3339],[-79.7797,0.3366],[-79.7671,0.3676],[-79.7456,0.374],[-79.7185,0.3644],[-79.7059,0.342],[-79.7224,0.3161],[-79.7175,0.2913],[-79.6975,0.2889],[-79.6869,0.2741],[-79.6654,0.2624],[-79.6805,0.2339],[-79.7048,0.2118],[-79.7097,0.1911],[-79.6897,0.167],[-79.676,0.164],[-79.6654,0.1783],[-79.64,0.1526],[-79.6259,0.158],[-79.5974,0.1212],[-79.5791,0.1084],[-79.5919,0.0858],[-79.6029,0.0824],[-79.5975,0.066],[-79.6237,0.0443],[-79.6224,0.0137],[-79.6122,0.0113],[-79.6058,-0.0212]]]},"properties":{"ciudad":"Quinindé","provincia":"Esmeraldas"}},
{"type":"Feature","geometry":{"type":"Polygon","coordinates":[[[-79.315,-0.9579],[-79.3357,-0.9689],[-79.3694,-0.9967],[-79.3842,-1.0131],[-79.3993,-1.0535],[-79.3908,-1.0604],[-79.3917,-1.0847],[-79.3772,-1.1102],[-79.3782,-1.1255],[-79.3706,-1.132],[-79.3841,-1.156],[-79.3797,-1.1705],[-79.3951,-1.1953],[-79.4064,-1.2243],[-79.3986,-1.2388],[-79.4208,-1.252],[-79.4144,-1.2716],[-79.4135,-1.3053],[-79.3948,-1.3232],[-79.3743,-1.3078],[-79.3493,-1.2662],[-79.3326,-1.2242],[-79.3067,-1.2069],[-79.2899,-1.2053],[-79.2997,-1.1773],[-79.3256,-1.162],[-79.3358,-1.1264],[-79.3209,-1.0952],[-79.3088,-1.0526],[-79.3119,-1.0347],[-79.2918,-1.0046],[-79.2924,-0.9875],[-79.3187,-0.996],[-79.315,-0.9579]]]},"properties":{"ciudad":"Quinsaloma","provincia":"Los Ríos"}},
{"type":"Feature","geometry":{"type":"Polygon","coordinates":[[[-78.2363,-0.4551],[-78.2357,-0.4367],[-78.2556,-0.4073],[-78.2147,-0.3551],[-78.1915,-0.3191],[-78.1913,-0.2748],[-78.186,-0.2625],[-78.19,-0.2392],[-78.1852,-0.2137],[-78.1929,-0.2026],[-78.1788,-0.1856],[-78.1668,-0.1867],[-78.1652,-0.1752],[-78.1837,-0.1538],[-78.2074,-0.1415],[-78.2497,-0.127],[-78.2193,-0.1026],[-78.2242,-0.091],[-78.2424,-0.0882],[-78.2595,-0.0989],[-78.3013,-0.0896],[-78.3099,-0.0675],[-78.2979,-0.061],[-78.2979,-0.0291],[-78.3188,-0.0199],[-78.3394,-0.0372],[-78.3575,-0.0227],[-78.387,-0.0389],[-78.3953,-0.0353],[-78.4025,-0.0035],[-78.4007,0.0194],[-78.3756,0.0483],[-78.3275,0.0881],[-78.3297,0.1058],[-78.3016,0.1181],[-78.309,0.1307],[-78.2985,0.1579],[-78.3107,0.185],[-78.3436,0.1911],[-78.3576,0.1713],[-78.367,0.1779],[-78.3582,0.2028],[-78.3725,0.2229],[-78.3815,0.2501],[-78.4023,0.2406],[-78.4197,0.2516],[-78.4441,0.2379],[-78.4888,0.2538],[-78.512,0.2262],[-78.5411,0.238],[-78.555,0.2243],[-78.5971,0.2237],[-78.6251,0.2181],[-78.6374,0.2068],[-78.6572,0.2166],[-78.6748,0.2107],[-78.6855,0.2215],[-78.7183,0.2197],[-78.7549,0.2405],[-78.7777,0.2434],[-78.8026,0.2316],[-78.8326,0.2413],[-78.8697,0.2333],[-78.8803,0.222],[-78.9102,0.2129],[-78.9289,0.2186],[-78.948,0.2034],[-78.936,0.1739],[-78.9324,0.1451],[-78.9392,0.118],[-78.9326,0.0957],[-78.9217,0.083],[-78.8865,0.0612],[-78.861,0.0574],[-78.8207,0.0349],[-78.7778,0.0347],[-78.7334,0.0105],[-78.7245,-0.0212],[-78.6975,-0.0324],[-78.6716,-0.0075],[-78.6583,-0.0376],[-78.6445,-0.0494],[-78.6509,-0.1027],[-78.6607,-0.1356],[-78.6779,-0.1283],[-78.6888,-0.1359],[-78.7155,-0.1278],[-78.7328,-0.1331],[-78.7657,-0.1243],[-78.7985,-0.101],[-78.8396,-0.1338],[-78.8334,-0.1411],[-78.8293,-0.1783],[-78.8328,-0.1871],[-78.7782,-0.2242],[-78.7597,-0.2397],[-78.7465,-0.2772],[-78.7316,-0.3198],[-78.681,-0.3215],[-78.6615,-0.3601],[-78.6359,-0.3614],[-78.5915,-0.3524],[-78.5577,-0.3558],[-78.5447,-0.3621],[-78.509,-0.3648],[-78.5211,-0.3978],[-78.5099,-0.4083],[-78.4939,-0.4425],[-78.4799,-0.4572],[-78.471,-0.4406],[-78.4769,-0.4281],[-78.4645,-0.3796],[-78.4753,-0.3658],[-78.4635,-0.3451],[-78.4799,-0.3348],[-78.4721,-0.3155],[-78.4541,-0.3024],[-78.42,-0.3277],[-78.4159,-0.3475],[-78.3964,-0.3719],[-78.3967,-0.3908],[-78.4059,-0.4019],[-78.4121,-0.442],[-78.4233,-0.4559],[-78.4326,-0.4859],[-78.4258,-0.5232],[-78.4319,-0.5474],[-78.4267,-0.5712],[-78.4064,-0.5599],[-78.3667,-0.548],[-78.3297,-0.589],[-78.3122,-0.5884],[-78.3011,-0.5772],[-78.2773,-0.5681],[-78.2663,-0.5325],[-78.2694,-0.5178],[-78.2555,-0.5029],[-78.2472,-0.4703],[-78.2363,-0.4551]]]},"properties":{"ciudad":"Quito","provincia":"Pichincha"}},
{"type":"Feature","geometry":{"type":"Polygon","coordinates":[[[-78.8789,-1.4625],[-78.8831,-1.472],[-78.8683,-1.5075],[-78.8854,-1.5301],[-78.8863,-1.5638],[-78.8977,-1.5851],[-78.8782,-1.6106],[-78.8517,-1.6175],[-78.8453,-1.6649],[-78.8206,-1.6459],[-78.8063,-1.6586],[-78.7791,-1.6707],[-78.7623,-1.6597],[-78.7278,-1.6548],[-78.7168,-1.6719],[-78.7317,-1.6844],[-78.7359,-1.7134],[-78.7216,-1.7407],[-78.7082,-1.7442],[-78.7048,-1.7683],[-78.6892,-1.7901],[-78.692,-1.8323],[-78.6699,-1.8339],[-78.6668,-1.8479],[-78.6418,-1.8495],[-78.6242,-1.8771],[-78.6111,-1.8677],[-78.5879,-1.8852],[-78.5647,-1.8831],[-78.5414,-1.9037],[-78.5402,-1.9335],[-78.5326,-1.9461],[-78.5114,-1.9513],[-78.4659,-1.942],[-78.4612,-1.9369],[-78.4555,-1.9195],[-78.434,-1.9093],[-78.4198,-1.8841],[-78.4036,-1.877],[-78.3969,-1.8532],[-78.4208,-1.8287],[-78.4201,-1.8046],[-78.4382,-1.7906],[-78.4449,-1.7659],[-78.4683,-1.7939],[-78.4914,-1.7887],[-78.5075,-1.8058],[-78.5446,-1.8073],[-78.5757,-1.7926],[-78.5988,-1.7612],[-78.6334,-1.7386],[-78.6265,-1.7203],[-78.607,-1.7122],[-78.608,-1.6826],[-78.5903,-1.6884],[-78.5855,-1.7025],[-78.5699,-1.7145],[-78.5497,-1.7088],[-78.5153,-1.7154],[-78.4968,-1.6949],[-78.4726,-1.7221],[-78.467,-1.7518],[-78.4516,-1.7322],[-78.4304,-1.6847],[-78.4089,-1.6747],[-78.4588,-1.6724],[-78.465,-1.665],[-78.5129,-1.6509],[-78.5114,-1.6106],[-78.5359,-1.6048],[-78.5484,-1.5917],[-78.5609,-1.6383],[-78.5805,-1.6493],[-78.5955,-1.6331],[-78.6237,-1.6508],[-78.6307,-1.6392],[-78.653,-1.6483],[-78.6742,-1.6382],[-78.6838,-1.6228],[-78.7116,-1.6258],[-78.7143,-1.6059],[-78.7494,-1.5694],[-78.7816,-1.5507],[-78.7806,-1.5343],[-78.8,-1.4941],[-78.8514,-1.4705],[-78.8789,-1.4625]]]},"properties":{"ciudad":"Riobamba","provincia":"Chimborazo"}},
{"type":"Feature","geometry":{"type":"Polygon","coordinates":[[[-79.2095,1.0819],[-79.25,1.0731],[-79.2592,1.0872],[-79.2895,1.077],[-79.3038,1.0818],[-79.3328,1.0713],[-79.3755,1.0686],[-79.3941,1.0833],[-79.4265,1.0712],[-79.4602,1.0468],[-79.4657,1.0352],[-79.4533,0.9781],[-79.4559,0.9563],[-79.4653,0.9518],[-79.481,0.915],[-79.474,0.8995],[-79.4836,0.878],[-79.4802,0.861],[-79.4657,0.8459],[-79.4676,0.8301],[-79.4838,0.818],[-79.5083,0.8267],[-79.5124,0.8055],[-79.5004,0.774],[-79.5009,0.7541],[-79.4897,0.7193],[-79.4887,0.688],[-79.4602,0.6433],[-79.423,0.6326],[-79.4108,0.6122],[-79.4119,0.573],[-79.3966,0.5924],[-79.3729,0.5978],[-79.3575,0.5916],[-79.3371,0.5945],[-79.3109,0.5726],[-79.2891,0.5843],[-79.2657,0.5814],[-79.251,0.5914],[-79.2315,0.5754],[-79.2128,0.5887],[-79.2341,0.6041],[-79.2343,0.6166],[-79.2672,0.667],[-79.287,0.671],[-79.2994,0.6982],[-79.2864,0.7417],[-79.2641,0.7698],[-79.2335,0.7903],[-79.2266,0.8077],[-79.1982,0.8118],[-79.1913,0.8227],[-79.2005,0.844],[-79.2202,0.856],[-79.2047,0.8923],[-79.2269,0.9213],[-79.2059,0.9285],[-79.194,0.945],[-79.1741,0.957],[-79.1511,0.9564],[-79.1435,0.9792],[-79.1208,1.0117],[-79.1446,1.0341],[-79.1996,1.0524],[-79.2157,1.0628],[-79.2095,1.0819]]]},"properties":{"ciudad":"Rioverde","provincia":"Esmeraldas"}},
{"type":"Feature","geometry":{"type":"Polygon","coordinates":[[[-80.2674,-0.8728],[-80.3182,-0.8893],[-80.3359,-0.8767],[-80.3482,-0.8417],[-80.3843,-0.822],[-80.3964,-0.835],[-80.4575,-0.8591],[-80.4771,-0.8727],[-80.4928,-0.869],[-80.5029,-0.8706],[-80.5133,-0.9065],[-80.5275,-0.932],[-80.5064,-0.9624],[-80.4504,-0.9634],[-80.4311,-0.9738],[-80.4244,-0.9558],[-80.3848,-0.9553],[-80.371,-0.9446],[-80.3603,-0.9543],[-80.3383,-0.9478],[-80.3223,-0.9548],[-80.297,-0.9472],[-80.2834,-0.9339],[-80.292,-0.906],[-80.266,-0.888],[-80.2674,-0.8728]]]},"properties":{"ciudad":"Rocafuerte","provincia":"Manabí"}},
{"type":"Feature","geometry":{"type":"Polygon","coordinates":[[[-78.4326,-0.4859],[-78.4233,-0.4559],[-78.4121,-0.442],[-78.4059,-0.4019],[-78.3967,-0.3908],[-78.3964,-0.3719],[-78.4159,-0.3475],[-78.42,-0.3277],[-78.4541,-0.3024],[-78.4721,-0.3155],[-78.4799,-0.3348],[-78.4635,-0.3451],[-78.4753,-0.3658],[-78.4645,-0.3796],[-78.4769,-0.4281],[-78.471,-0.4406],[-78.4799,-0.4572],[-78.4829,-0.4724],[-78.4661,-0.4815],[-78.461,-0.5063],[-78.4326,-0.4859]]]},"properties":{"ciudad":"Rumiñahui","provincia":"Pichincha"}},
{"type":"Feature","geometry":{"type":"Polygon","coordinates":[[[-78.5658,-1.123],[-78.5704,-1.0972],[-78.5627,-1.084],[-78.5718,-1.0653],[-78.5592,-1.0588],[-78.5229,-1.0594],[-78.5219,-1.0692],[-78.502,-1.094],[-78.4589,-1.084],[-78.4455,-1.0474],[-78.41,-1.0193],[-78.4047,-0.9896],[-78.4015,-0.9594],[-78.4758,-0.9595],[-78.4918,-0.9726],[-78.5626,-0.9972],[-78.5733,-1.0128],[-78.5864,-1.0056],[-78.6128,-1.0052],[-78.6357,-1.0356],[-78.6353,-1.0621],[-78.67,-1.0583],[-78.7056,-1.0675],[-78.7341,-1.0478],[-78.7887,-1.0477],[-78.8124,-1.03],[-78.8285,-1.0321],[-78.845,-1.0867],[-78.8395,-1.1052],[-78.8054,-1.1162],[-78.7895,-1.1433],[-78.7459,-1.1324],[-78.7259,-1.1472],[-78.6901,-1.1513],[-78.6604,-1.1457],[-78.6078,-1.1153],[-78.5694,-1.1271],[-78.5658,-1.123]]]},"properties":{"ciudad":"Salcedo","provincia":"Cotopaxi"}},
{"type":"Feature","geometry":{"type":"Polygon","coordinates":[[[-80.922,-2.2194],[-80.9402,-2.2183],[-80.9486,-2.2046],[-80.9822,-2.1976],[-80.9911,-2.1826],[-81.0098,-2.1871],[-80.9209,-2.2757],[-80.9125,-2.2969],[-80.8947,-2.3174],[-80.8695,-2.3255],[-80.8585,-2.2941],[-80.8706,-2.2702],[-80.8989,-2.2544],[-80.9206,-2.2479],[-80.922,-2.2194]]]},"properties":{"ciudad":"Salinas","provincia":"Santa Elena"}},
{"type":"Feature","geometry":{"type":"Polygon","coordinates":[[[-79.7482,-1.7385],[-79.771,-1.7241],[-79.7857,-1.7277],[-79.8015,-1.7128],[-79.8257,-1.7077],[-79.8399,-1.6853],[-79.8278,-1.6804],[-79.8369,-1.6554],[-79.8634,-1.6438],[-79.879,-1.6756],[-79.8646,-1.6856],[-79.8661,-1.7152],[-79.8877,-1.7173],[-79.8993,-1.7553],[-79.9003,-1.7752],[-79.9039,-1.802],[-79.8604,-1.8524],[-79.8624,-1.8736],[-79.8518,-1.8987],[-79.8434,-1.9026],[-79.8352,-1.909],[-79.8037,-1.8636],[-79.7688,-1.89],[-79.7611,-1.9081],[-79.7045,-1.9319],[-79.6747,-1.9146],[-79.6688,-1.9052],[-79.6697,-1.9009],[-79.6837,-1.88],[-79.7315,-1.8401],[-79.7301,-1.8089],[-79.7485,-1.7871],[-79.7442,-1.7471],[-79.7482,-1.7385]]]},"properties":{"ciudad":"Salitre (Urbina Jado)","provincia":"Guayas"}},
{"type":"Feature","geometry":{"type":"Polygon","coordinates":[[[-79.6478,-1.9235],[-79.6688,-1.9052],[-79.6747,-1.9146],[-79.7045,-1.9319],[-79.7611,-1.9081],[-79.7688,-1.89],[-79.8037,-1.8636],[-79.8352,-1.909],[-79.8434,-1.9026],[-79.846,-1.9154],[-79.8794,-1.9628],[-79.865,-2.001],[-79.8606,-2.0373],[-79.8655,-2.0586],[-79.8831,-2.0606],[-79.8915,-2.0685],[-79.8902,-2.0858],[-79.8733,-2.114],[-79.8741,-2.1353],[-79.8552,-2.1438],[-79.8713,-2.104],[-79.8679,-2.0924],[-79.8451,-2.076],[-79.8114,-2.0888],[-79.8054,-2.0732],[-79.8098,-2.0568],[-79.7937,-2.0302],[-79.7689,-2.0261],[-79.7408,-2.0294],[-79.6675,-2.0287],[-79.6614,-2.0077],[-79.6797,-1.9903],[-79.6661,-1.9727],[-79.6798,-1.9502],[-79.6478,-1.9279],[-79.6478,-1.9235]]]},"properties":{"ciudad":"Samborondón","provincia":"Guayas"}},
{"type":"Feature","geometry":{"type":"MultiPolygon","coordinates":[[[[-89.6664,-1.3455],[-89.6924,-1.3462],[-89.7333,-1.3597],[-89.7331,-1.3813],[-89.7042,-1.3955],[-89.6898,-1.3949],[-89.6571,-1.4069],[-89.6267,-1.4062],[-89.6329,-1.3664],[-89.6664,-1.3455]]],[[[-90.4249,-1.2209],[-90.4545,-1.2399],[-90.4784,-1.2333],[-90.4872,-1.252],[-90.4941,-1.2958],[-90.5111,-1.3155],[-90.4895,-1.3426],[-90.4533,-1.3594],[-90.4252,-1.3571],[-90.3858,-1.3305],[-90.3768,-1.3105],[-90.3529,-1.2768],[-90.3591,-1.2627],[-90.4223,-1.2315],[-90.4249,-1.2209]]],[[[-90.0868,-0.7988],[-90.0909,-0.8258],[-90.047,-0.8398],[-90.0306,-0.8378],[-90.0305,-0.8142],[-90.0448,-0.7994],[-90.0868,-0.7988]]],[[[-89.3509,-0.6863],[-89.3617,-0.7015],[-89.3967,-0.7205],[-89.4375,-0.7381],[-89.4554,-0.7565],[-89.4676,-0.8012],[-89.4843,-0.8176],[-89.513,-0.8245],[-89.5413,-0.8179],[-89.5429,-0.8467],[-89.5704,-0.8605],[-89.5821,-0.8737],[-89.6113,-0.8876],[-89.628,-0.9156],[-89.6054,-0.935],[-89.5766,-0.9418],[-89.5606,-0.9517],[-89.5241,-0.9556],[-89.4947,-0.9401],[-89.4589,-0.9387],[-89.4306,-0.9314],[-89.4002,-0.9155],[-89.3951,-0.8973],[-89.3771,-0.8757],[-89.3591,-0.8266],[-89.3304,-0.819],[-89.3089,-0.8024],[-89.3068,-0.7905],[-89.2835,-0.7783],[-89.275,-0.754],[-89.2563,-0.7446],[-89.2434,-0.7246],[-89.2597,-0.6925],[-89.2795,-0.7044],[-89.3053,-0.689],[-89.3509,-0.6863]]],[[[-89.9542,0.3466],[-89.9718,0.3384],[-89.978,0.317],[-89.9359,0.3233],[-89.9542,0.3466]]]]},"properties":{"ciudad":"San Cristóbal","provincia":"Galápagos"}},
{"type":"Feature","geometry":{"type":"Polygon","coordinates":[[[-79.3037,-3.0666],[-79.3203,-3.0924],[-79.3253,-3.1339],[-79.317,-3.1653],[-79.3045,-3.1828],[-79.2897,-3.1827],[-79.2773,-3.1698],[-79.2582,-3.1929],[-79.2341,-3.2128],[-79.2208,-3.2303],[-79.212,-3.1976],[-79.215,-3.1741],[-79.229,-3.1594],[-79.2359,-3.1301],[-79.2285,-3.1207],[-79.2349,-3.0966],[-79.2355,-3.0626],[-79.2522,-3.0503],[-79.2773,-3.0721],[-79.3037,-3.0666]]]},"properties":{"ciudad":"San Fernando","provincia":"Azuay"}},
{"type":"Feature","geometry":{"type":"Polygon","coordinates":[[[-79.6478,-1.9279],[-79.6798,-1.9502],[-79.6661,-1.9727],[-79.6797,-1.9903],[-79.6614,-2.0077],[-79.6675,-2.0287],[-79.7408,-2.0294],[-79.777,-2.0374],[-79.7972,-2.0368],[-79.8049,-2.0551],[-79.7838,-2.0754],[-79.7957,-2.0967],[-79.8176,-2.0999],[-79.8204,-2.1275],[-79.78,-2.156],[-79.7661,-2.1455],[-79.7234,-2.1981],[-79.704,-2.1928],[-79.6984,-2.2132],[-79.7032,-2.2357],[-79.6904,-2.2388],[-79.6965,-2.2873],[-79.7151,-2.2882],[-79.7321,-2.309],[-79.7017,-2.297],[-79.6847,-2.3021],[-79.638,-2.2983],[-79.6211,-2.3055],[-79.5975,-2.3046],[-79.595,-2.2932],[-79.5566,-2.2543],[-79.522,-2.2718],[-79.5139,-2.2395],[-79.5356,-2.2444],[-79.5442,-2.2328],[-79.58,-2.2242],[-79.6048,-2.2053],[-79.6245,-2.1784],[-79.6353,-2.1763],[-79.6562,-2.157],[-79.6666,-2.16],[-79.686,-2.149],[-79.6602,-2.1388],[-79.6491,-2.1113],[-79.6275,-2.0903],[-79.6367,-2.0846],[-79.6394,-2.0599],[-79.6044,-1.9882],[-79.639,-1.9746],[-79.6443,-1.9641],[-79.6478,-1.9279]]]},"properties":{"ciudad":"San Jacinto de Yaguachi","provincia":"Guayas"}},
{"type":"Feature","geometry":{"type":"Polygon","coordinates":[[[-78.3444,-3.3915],[-78.3294,-3.3864],[-78.3017,-3.3999],[-78.2902,-3.3955],[-78.2673,-3.4053],[-78.2414,-3.4092],[-78.2441,-3.4392],[-78.2184,-3.5091],[-78.1699,-3.4906],[-78.147,-3.4785],[-78.1476,-3.448],[-78.1609,-3.4139],[-78.1807,-3.4086],[-78.1872,-3.3974],[-78.1928,-3.3617],[-78.1705,-3.3499],[-78.1434,-3.327],[-78.1241,-3.2944],[-78.1083,-3.2775],[-78.0945,-3.2474],[-78.1468,-3.2719],[-78.1519,-3.2838],[-78.1804,-3.2922],[-78.2019,-3.3108],[-78.2284,-3.3107],[-78.2366,-3.2882],[-78.2255,-3.2429],[-78.2148,-3.2296],[-78.2223,-3.2055],[-78.355,-3.2057],[-78.3751,-3.1658],[-78.4192,-3.1502],[-78.4313,-3.1702],[-78.456,-3.1612],[-78.4874,-3.1357],[-78.5002,-3.0659],[-78.5057,-3.0553],[-78.491,-3.0259],[-78.5219,-3.018],[-78.5504,-3.0242],[-78.5642,-3.0413],[-78.614,-3.0658],[-78.6635,-3.0731],[-78.6185,-3.1062],[-78.6017,-3.1464],[-78.5824,-3.1491],[-78.5581,-3.1689],[-78.5668,-3.1916],[-78.5662,-3.2124],[-78.5078,-3.3146],[-78.4817,-3.3147],[-78.4624,-3.3282],[-78.4181,-3.316],[-78.4041,-3.308],[-78.3724,-3.3342],[-78.3461,-3.3498],[-78.3523,-3.3815],[-78.3444,-3.3915]]]},"properties":{"ciudad":"San Juan Bosco","provincia":"Morona Santiago"}},
{"type":"Feature","geometry":{"type":"MultiPolygon","coordinates":[[[[-78.8459,1.3609],[-78.8597,1.3679],[-78.8773,1.346],[-78.8786,1.3144],[-78.8469,1.3065],[-78.8297,1.3103],[-78.8342,1.3381],[-78.8487,1.3374],[-78.8462,1.3462],[-78.8511,1.3549],[-78.8459,1.3609]]],[[[-78.4265,0.5856],[-78.4343,0.6109],[-78.4606,0.6289],[-78.4717,0.6712],[-78.4897,0.6901],[-78.4917,0.7026],[-78.5071,0.7147],[-78.5198,0.7572],[-78.4975,0.7677],[-78.4672,0.7734],[-78.4592,0.7839],[-78.4427,0.8056],[-78.4476,0.837],[-78.4545,0.8455],[-78.4536,0.8759],[-78.46,0.8836],[-78.4842,0.8851],[-78.5295,0.9201],[-78.5469,0.9419],[-78.5364,0.9805],[-78.5476,1.0108],[-78.5441,1.0457],[-78.519,1.0683],[-78.5052,1.0717],[-78.508,1.0967],[-78.5033,1.1366],[-78.511,1.1685],[-78.5086,1.1886],[-78.5212,1.214],[-78.5403,1.23],[-78.544,1.2448],[-78.5934,1.2386],[-78.615,1.2463],[-78.6302,1.2655],[-78.6493,1.2771],[-78.6622,1.3123],[-78.7039,1.3495],[-78.7208,1.3693],[-78.7317,1.3685],[-78.7627,1.3929],[-78.8084,1.4108],[-78.8374,1.4073],[-78.8385,1.3822],[-78.8252,1.3804],[-78.8486,1.3538],[-78.8445,1.3497],[-78.8456,1.338],[-78.8334,1.3395],[-78.8255,1.3215],[-78.8302,1.2966],[-78.8569,1.3003],[-78.8831,1.2842],[-78.8605,1.2618],[-78.8635,1.2499],[-78.9152,1.2404],[-78.9305,1.2285],[-78.9612,1.2157],[-78.9373,1.2021],[-78.9562,1.1878],[-78.9531,1.1467],[-78.958,1.1341],[-78.9642,1.1301],[-78.9792,1.1338],[-78.9786,1.1119],[-78.987,1.0858],[-78.9709,1.0849],[-78.9618,1.0682],[-78.9079,1.0716],[-78.8762,1.0631],[-78.8363,1.0468],[-78.8354,1.0319],[-78.8221,1.0197],[-78.8359,1.0077],[-78.8384,0.9831],[-78.8648,0.9804],[-78.863,0.9533],[-78.8505,0.9329],[-78.8641,0.9256],[-78.8542,0.9073],[-78.8304,0.892],[-78.7958,0.8772],[-78.7758,0.8642],[-78.777,0.851],[-78.7473,0.8445],[-78.7376,0.861],[-78.7201,0.8256],[-78.7306,0.8135],[-78.7261,0.7973],[-78.7388,0.7781],[-78.7316,0.765],[-78.7304,0.7383],[-78.7212,0.7207],[-78.7032,0.7215],[-78.6809,0.6983],[-78.6555,0.6543],[-78.6445,0.6498],[-78.6377,0.6094],[-78.6123,0.6004],[-78.6123,0.5832],[-78.588,0.5686],[-78.5894,0.5486],[-78.5811,0.5405],[-78.5816,0.5126],[-78.558,0.4959],[-78.5456,0.4972],[-78.5408,0.5154],[-78.5091,0.5267],[-78.4894,0.5448],[-78.4738,0.5353],[-78.454,0.54],[-78.4467,0.558],[-78.4265,0.5856]]],[[[-78.8497,1.4283],[-78.8638,1.4137],[-78.8576,1.4027],[-78.8685,1.3755],[-78.846,1.3807],[-78.8401,1.4132],[-78.8497,1.4283]]],[[[-78.8244,1.4339],[-78.8448,1.4286],[-78.8312,1.4104],[-78.8244,1.4339]]],[[[-78.8745,1.4521],[-78.8797,1.4436],[-78.8895,1.3946],[-78.8773,1.4012],[-78.8494,1.4377],[-78.8745,1.4521]]]]},"properties":{"ciudad":"San Lorenzo","provincia":"Esmeraldas"}},
{"type":"Feature","geometry":{"type":"Polygon","coordinates":[[[-79.2586,-1.9373],[-79.2408,-1.9368],[-79.2301,-1.9171],[-79.2045,-1.8998],[-79.1722,-1.9086],[-79.097,-1.8729],[-79.074,-1.8718],[-79.0468,-1.8822],[-79.0173,-1.8641],[-79.0085,-1.791],[-79.0124,-1.7741],[-78.9983,-1.7706],[-78.9769,-1.7534],[-78.9341,-1.7567],[-78.9119,-1.7625],[-78.8954,-1.7485],[-78.885,-1.7521],[-78.8774,-1.7274],[-78.8662,-1.7176],[-78.8807,-1.7139],[-78.9111,-1.7252],[-78.9342,-1.7275],[-78.9536,-1.7084],[-78.9899,-1.7025],[-79.0102,-1.6846],[-79.0247,-1.7023],[-79.0462,-1.6937],[-79.069,-1.6954],[-79.0957,-1.7096],[-79.1061,-1.6993],[-79.1265,-1.7133],[-79.165,-1.7131],[-79.1748,-1.7315],[-79.2086,-1.7461],[-79.2416,-1.77],[-79.2489,-1.7873],[-79.2453,-1.8255],[-79.2304,-1.8494],[-79.2463,-1.8583],[-79.2434,-1.8949],[-79.2503,-1.9246],[-79.2589,-1.937],[-79.2586,-1.9373]]]},"properties":{"ciudad":"San Miguel","provincia":"Bolívar"}},
{"type":"Feature","geometry":{"type":"Polygon","coordinates":[[[-79.1391,0.0406],[-79.1493,0.0241],[-79.1309,0.0032],[-79.1661,0.0015],[-79.1689,-0.0153],[-79.1499,-0.0131],[-79.0975,-0.0264],[-79.0999,-0.0343],[-79.127,-0.049],[-79.1483,-0.085],[-79.1441,-0.0928],[-79.1123,-0.0861],[-79.0454,-0.1017],[-79.0243,-0.1176],[-78.9633,-0.1049],[-78.9284,-0.1208],[-78.9093,-0.1079],[-78.8817,-0.1098],[-78.8574,-0.133],[-78.8396,-0.1338],[-78.7985,-0.101],[-78.7657,-0.1243],[-78.7328,-0.1331],[-78.7155,-0.1278],[-78.6888,-0.1359],[-78.6779,-0.1283],[-78.6607,-0.1356],[-78.6509,-0.1027],[-78.6445,-0.0494],[-78.6583,-0.0376],[-78.6716,-0.0075],[-78.6975,-0.0324],[-78.7245,-0.0212],[-78.7334,0.0105],[-78.7778,0.0347],[-78.8207,0.0349],[-78.861,0.0574],[-78.8865,0.0612],[-78.9217,0.083],[-78.9326,0.0957],[-78.9586,0.0955],[-78.961,0.0711],[-78.9796,0.063],[-78.9798,0.0437],[-78.9952,0.0436],[-78.9952,0.0033],[-79.0297,0.0008],[-79.0519,0.016],[-79.0864,0.0174],[-79.0933,0.0243],[-79.1321,0.032],[-79.1391,0.0406]]]},"properties":{"ciudad":"San Miguel de Los Bancos","provincia":"Pichincha"}},
{"type":"Feature","geometry":{"type":"Polygon","coordinates":[[[-78.1341,0.4019],[-78.122,0.4337],[-78.1228,0.4616],[-78.1527,0.4578],[-78.1697,0.4921],[-78.1517,0.5132],[-78.1767,0.5338],[-78.1962,0.535],[-78.2096,0.5567],[-78.2264,0.5659],[-78.2412,0.5569],[-78.2676,0.5647],[-78.245,0.6018],[-78.2723,0.613],[-78.2842,0.6258],[-78.2848,0.665],[-78.2944,0.6887],[-78.3358,0.6979],[-78.3498,0.6959],[-78.3676,0.7133],[-78.379,0.7114],[-78.4001,0.729],[-78.4387,0.7502],[-78.4592,0.7839],[-78.4672,0.7734],[-78.4975,0.7677],[-78.5198,0.7572],[-78.5071,0.7147],[-78.4917,0.7026],[-78.4897,0.6901],[-78.4717,0.6712],[-78.4606,0.6289],[-78.4343,0.6109],[-78.4265,0.5856],[-78.4181,0.5864],[-78.3822,0.561],[-78.3667,0.5166],[-78.3221,0.476],[-78.328,0.4621],[-78.3221,0.436],[-78.3006,0.4087],[-78.2795,0.4065],[-78.215,0.3723],[-78.199,0.375],[-78.1681,0.3961],[-78.1528,0.3918],[-78.1341,0.4019]]]},"properties":{"ciudad":"San Miguel de Urcuquí","provincia":"Imbabura"}},
{"type":"Feature","geometry":{"type":"Polygon","coordinates":[[[-77.6635,0.5945],[-77.6558,0.6041],[-77.6897,0.6211],[-77.6807,0.6435],[-77.7313,0.6494],[-77.7505,0.6571],[-77.7475,0.6293],[-77.766,0.604],[-77.7462,0.6072],[-77.7455,0.5881],[-77.7261,0.5675],[-77.7013,0.5668],[-77.6635,0.5945]]]},"properties":{"ciudad":"San Pedro de Huaca","provincia":"Carchi"}},
{"type":"Feature","geometry":{"type":"Polygon","coordinates":[[[-78.5963,-1.3243],[-78.5902,-1.3522],[-78.5705,-1.3781],[-78.5637,-1.4178],[-78.5436,-1.4353],[-78.5399,-1.4798],[-78.5298,-1.4692],[-78.5129,-1.472],[-78.5055,-1.4394],[-78.4483,-1.4678],[-78.4783,-1.4136],[-78.472,-1.4041],[-78.479,-1.3867],[-78.4955,-1.3832],[-78.4915,-1.3599],[-78.5082,-1.3398],[-78.5192,-1.3078],[-78.5077,-1.2765],[-78.5209,-1.244],[-78.5373,-1.2333],[-78.5509,-1.2366],[-78.5572,-1.2596],[-78.5909,-1.3047],[-78.5963,-1.3243]]]},"properties":{"ciudad":"San Pedro de Pelileo","provincia":"Tungurahua"}},
{"type":"Feature","geometry":{"type":"MultiPolygon","coordinates":[[[[-80.2805,-0.6565],[-80.2814,-0.6523],[-80.2856,-0.6533],[-80.2894,-0.653],[-80.2805,-0.6565]]],[[[-80.2216,-0.4918],[-80.2344,-0.4756],[-80.2284,-0.4554],[-80.2478,-0.4552],[-80.2709,-0.447],[-80.2874,-0.4012],[-80.2957,-0.4018],[-80.3134,-0.3755],[-80.3096,-0.3672],[-80.3167,-0.345],[-80.3424,-0.3365],[-80.3639,-0.3227],[-80.3711,-0.289],[-80.3921,-0.2732],[-80.4038,-0.3074],[-80.4164,-0.3146],[-80.4272,-0.3337],[-80.4708,-0.367],[-80.4883,-0.3651],[-80.493,-0.3994],[-80.478,-0.4414],[-80.4587,-0.4583],[-80.4408,-0.5325],[-80.4386,-0.5572],[-80.4132,-0.5832],[-80.4082,-0.6094],[-80.394,-0.6347],[-80.3775,-0.6446],[-80.348,-0.6381],[-80.2936,-0.6538],[-80.2891,-0.6521],[-80.2856,-0.6528],[-80.2821,-0.6518],[-80.2806,-0.6525],[-80.274,-0.6257],[-80.2758,-0.6095],[-80.267,-0.5945],[-80.2712,-0.5785],[-80.2586,-0.5692],[-80.245,-0.5431],[-80.2467,-0.5139],[-80.2216,-0.4918]]]]},"properties":{"ciudad":"San Vicente","provincia":"Manabí"}},
{"type":"Feature","geometry":{"type":"Polygon","coordinates":[[[-80.3005,-1.3095],[-80.2636,-1.2867],[-80.2225,-1.2736],[-80.2141,-1.2966],[-80.2033,-1.2919],[-80.1679,-1.3063],[-80.1511,-1.3058],[-80.1327,-1.2909],[-80.1032,-1.3111],[-80.0985,-1.3264],[-80.0697,-1.2972],[-80.0474,-1.2873],[-80.0375,-1.2537],[-79.9988,-1.233],[-80.0027,-1.1987],[-79.9824,-1.1825],[-79.9968,-1.1556],[-79.9844,-1.1306],[-80.031,-1.1284],[-80.038,-1.1221],[-80.0352,-1.0753],[-80.0526,-1.0635],[-80.0777,-1.0622],[-80.1042,-1.0714],[-80.1351,-1.0973],[-80.1388,-1.083],[-80.1752,-1.0877],[-80.1815,-1.0827],[-80.2313,-1.089],[-80.254,-1.0868],[-80.2864,-1.097],[-80.2941,-1.1102],[-80.3083,-1.1064],[-80.3248,-1.1184],[-80.3415,-1.1517],[-80.3854,-1.157],[-80.4131,-1.1723],[-80.4671,-1.1637],[-80.5105,-1.1818],[-80.5362,-1.2007],[-80.5376,-1.2186],[-80.5007,-1.218],[-80.4743,-1.2184],[-80.4411,-1.2054],[-80.4051,-1.2248],[-80.4113,-1.2394],[-80.3949,-1.275],[-80.3789,-1.2865],[-80.3719,-1.3125],[-80.35,-1.3156],[-80.3263,-1.3044],[-80.3005,-1.3095]]]},"properties":{"ciudad":"Santa Ana","provincia":"Manabí"}},
{"type":"Feature","geometry":{"type":"Polygon","coordinates":[[[-77.7318,-1.1659],[-77.7306,-1.1629],[-77.7541,-1.1783],[-77.7661,-1.1782],[-77.8059,-1.2027],[-77.8255,-1.2032],[-77.831,-1.2165],[-77.8521,-1.2066],[-77.8742,-1.2064],[-77.8898,-1.2233],[-77.8804,-1.242],[-77.8995,-1.2439],[-77.9187,-1.2268],[-77.9665,-1.2242],[-77.9602,-1.2743],[-77.97,-1.2931],[-77.954,-1.3111],[-77.9619,-1.3248],[-77.9388,-1.3346],[-77.9371,-1.3486],[-77.9074,-1.3629],[-77.8767,-1.3643],[-77.8572,-1.3546],[-77.8318,-1.3562],[-77.8134,-1.3476],[-77.8054,-1.3223],[-77.797,-1.2888],[-77.7902,-1.2816],[-77.7897,-1.2548],[-77.7534,-1.2219],[-77.7419,-1.1987],[-77.7424,-1.1841],[-77.7318,-1.1659]]]},"properties":{"ciudad":"Santa Clara","provincia":"Pastaza"}},
{"type":"Feature","geometry":{"type":"MultiPolygon","coordinates":[[[[-90.6721,-0.5876],[-90.6877,-0.6088],[-90.6808,-0.6239],[-90.6575,-0.6346],[-90.6425,-0.6195],[-90.6477,-0.6027],[-90.6721,-0.5876]]],[[[-90.2502,-0.4851],[-90.3031,-0.491],[-90.3279,-0.4987],[-90.3558,-0.4937],[-90.3726,-0.5089],[-90.3915,-0.512],[-90.4018,-0.5045],[-90.4281,-0.5122],[-90.4552,-0.5116],[-90.4985,-0.5324],[-90.5071,-0.5308],[-90.5173,-0.5558],[-90.5365,-0.5657],[-90.5309,-0.5802],[-90.5494,-0.6241],[-90.5361,-0.6957],[-90.5158,-0.7089],[-90.5018,-0.7082],[-90.4671,-0.724],[-90.4338,-0.7539],[-90.4214,-0.7546],[-90.3973,-0.7734],[-90.3775,-0.7648],[-90.3633,-0.7752],[-90.3507,-0.7633],[-90.3215,-0.7634],[-90.3084,-0.7437],[-90.2577,-0.7476],[-90.2379,-0.7443],[-90.2321,-0.7158],[-90.2158,-0.6953],[-90.1953,-0.695],[-90.1962,-0.6812],[-90.1781,-0.6697],[-90.1856,-0.6502],[-90.1769,-0.6305],[-90.1841,-0.608],[-90.1689,-0.5732],[-90.1995,-0.5472],[-90.2217,-0.5382],[-90.2363,-0.523],[-90.2502,-0.4851]]],[[[-90.2748,-0.4123],[-90.2873,-0.4142],[-90.2835,-0.4455],[-90.2985,-0.4614],[-90.2941,-0.4845],[-90.271,-0.4815],[-90.2478,-0.4646],[-90.2699,-0.4279],[-90.2748,-0.4123]]],[[[-90.7901,-0.1462],[-90.8158,-0.1556],[-90.8383,-0.1784],[-90.8285,-0.2],[-90.8539,-0.2409],[-90.8697,-0.2494],[-90.8689,-0.2708],[-90.8483,-0.2749],[-90.8335,-0.2963],[-90.8317,-0.3312],[-90.772,-0.3344],[-90.7669,-0.344],[-90.7414,-0.3604],[-90.7248,-0.3549],[-90.6953,-0.3575],[-90.6698,-0.3508],[-90.6541,-0.3635],[-90.599,-0.3752],[-90.5786,-0.3635],[-90.5685,-0.331],[-90.5484,-0.3214],[-90.5501,-0.2998],[-90.566,-0.2894],[-90.581,-0.2431],[-90.6059,-0.2181],[-90.6522,-0.1971],[-90.6972,-0.1887],[-90.7044,-0.1715],[-90.7416,-0.1618],[-90.7497,-0.1501],[-90.7901,-0.1462]]],[[[-90.4788,0.3871],[-90.4971,0.3856],[-90.5403,0.355],[-90.5393,0.3155],[-90.5088,0.3016],[-90.5027,0.2881],[-90.4716,0.2774],[-90.4284,0.2898],[-90.4138,0.2988],[-90.3998,0.321],[-90.4194,0.3466],[-90.4472,0.3677],[-90.4521,0.3773],[-90.4788,0.3871]]],[[[-90.7699,0.6399],[-90.7893,0.6265],[-90.7905,0.6057],[-90.7832,0.5839],[-90.78,0.5524],[-90.7416,0.5413],[-90.7218,0.5412],[-90.7172,0.5548],[-90.7297,0.599],[-90.7613,0.6383],[-90.7699,0.6399]]]]},"properties":{"ciudad":"Santa Cruz","provincia":"Galápagos"}},
{"type":"Feature","geometry":{"type":"Polygon","coordinates":[[[-80.2573,-2.0963],[-80.264,-2.081],[-80.2851,-2.0923],[-80.3092,-2.0743],[-80.3122,-2.0559],[-80.3428,-2.0255],[-80.3428,-2.0012],[-80.3923,-1.9813],[-80.4154,-1.9815],[-80.4179,-1.9697],[-80.4418,-1.9566],[-80.4404,-1.943],[-80.4698,-1.9376],[-80.4887,-1.9222],[-80.5185,-1.9216],[-80.5167,-1.9028],[-80.5268,-1.8946],[-80.549,-1.8601],[-80.5705,-1.8231],[-80.5547,-1.7995],[-80.5519,-1.7829],[-80.5871,-1.7843],[-80.6102,-1.7561],[-80.6192,-1.7295],[-80.6186,-1.7117],[-80.6535,-1.6735],[-80.678,-1.6748],[-80.7084,-1.6738],[-80.7307,-1.6852],[-80.7481,-1.6685],[-80.8028,-1.7115],[-80.7789,-1.7389],[-80.769,-1.7625],[-80.7473,-1.8514],[-80.7362,-1.8786],[-80.7248,-1.9254],[-80.7312,-1.9585],[-80.7631,-1.9762],[-80.751,-1.9985],[-80.751,-2.0117],[-80.7347,-2.028],[-80.738,-2.0735],[-80.7494,-2.1039],[-80.7667,-2.1303],[-80.7864,-2.1503],[-80.817,-2.1552],[-80.8436,-2.1895],[-80.8861,-2.2085],[-80.8687,-2.2443],[-80.8706,-2.2702],[-80.8585,-2.2941],[-80.8695,-2.3255],[-80.846,-2.3403],[-80.8026,-2.3776],[-80.7815,-2.3877],[-80.7158,-2.3934],[-80.6932,-2.4065],[-80.6838,-2.4039],[-80.6606,-2.4178],[-80.5619,-2.5057],[-80.5428,-2.4887],[-80.522,-2.4889],[-80.4952,-2.5002],[-80.4748,-2.491],[-80.4676,-2.4772],[-80.4523,-2.4551],[-80.461,-2.4139],[-80.4457,-2.3967],[-80.4477,-2.3757],[-80.4172,-2.3825],[-80.4035,-2.3747],[-80.3816,-2.3795],[-80.3742,-2.3466],[-80.3604,-2.3425],[-80.3385,-2.3484],[-80.2827,-2.3348],[-80.2875,-2.3108],[-80.2804,-2.2858],[-80.2846,-2.2744],[-80.2648,-2.2648],[-80.2619,-2.2482],[-80.2334,-2.2334],[-80.2177,-2.2325],[-80.2018,-2.2093],[-80.2363,-2.1882],[-80.2494,-2.1574],[-80.2453,-2.1369],[-80.2491,-2.1106],[-80.2573,-2.0963]]]},"properties":{"ciudad":"Santa Elena","provincia":"Santa Elena"}},
{"type":"Feature","geometry":{"type":"Polygon","coordinates":[[[-79.4767,-3.0468],[-79.4626,-3.0517],[-79.4582,-3.0691],[-79.4343,-3.0922],[-79.4453,-3.1058],[-79.4419,-3.1187],[-79.4541,-3.1406],[-79.4379,-3.1531],[-79.4114,-3.19],[-79.4115,-3.2119],[-79.4267,-3.2272],[-79.4341,-3.2514],[-79.4401,-3.2982],[-79.4668,-3.3039],[-79.4795,-3.3176],[-79.4614,-3.3304],[-79.4296,-3.3435],[-79.3821,-3.3464],[-79.3405,-3.3427],[-79.3054,-3.3577],[-79.3021,-3.3681],[-79.2879,-3.3665],[-79.2524,-3.335],[-79.2744,-3.3173],[-79.2199,-3.2873],[-79.2463,-3.2774],[-79.241,-3.2485],[-79.2631,-3.2349],[-79.2653,-3.2152],[-79.2935,-3.2024],[-79.3045,-3.1828],[-79.317,-3.1653],[-79.3253,-3.1339],[-79.3203,-3.0924],[-79.3037,-3.0666],[-79.3208,-3.0617],[-79.3403,-3.0394],[-79.3598,-3.0319],[-79.3769,-3.0383],[-79.4084,-3.0245],[-79.4273,-3.0026],[-79.4527,-2.9912],[-79.4574,-2.9805],[-79.458,-2.9938],[-79.4463,-3.0027],[-79.4497,-3.0197],[-79.4767,-3.0468]]]},"properties":{"ciudad":"Santa Isabel","provincia":"Azuay"}},
{"type":"Feature","geometry":{"type":"Polygon","coordinates":[[[-80.1458,-1.646],[-80.1628,-1.683],[-80.1686,-1.7364],[-80.1525,-1.7576],[-80.1386,-1.7458],[-80.101,-1.7349],[-80.0882,-1.7523],[-80.0717,-1.7594],[-80.0637,-1.7805],[-80.0505,-1.7875],[-80.0279,-1.796],[-80.0152,-1.787],[-79.9844,-1.7815],[-79.9571,-1.79],[-79.9379,-1.7779],[-79.9003,-1.7752],[-79.8993,-1.7553],[-79.8877,-1.7173],[-79.8996,-1.7007],[-79.9233,-1.6954],[-79.9349,-1.7078],[-79.9508,-1.7007],[-79.9882,-1.6723],[-79.993,-1.652],[-80.0117,-1.6407],[-80.0363,-1.6358],[-80.0449,-1.643],[-80.0928,-1.6372],[-80.1013,-1.6266],[-80.1284,-1.649],[-80.1458,-1.646]]]},"properties":{"ciudad":"Santa Lucía","provincia":"Guayas"}},
{"type":"Feature","geometry":{"type":"MultiPolygon","coordinates":[[[[-79.9447,-3.6156],[-79.9309,-3.5991],[-79.9021,-3.5977],[-79.8868,-3.6075],[-79.8688,-3.5997],[-79.8314,-3.6198],[-79.8162,-3.6153],[-79.8019,-3.5899],[-79.7841,-3.5896],[-79.7763,-3.5746],[-79.7969,-3.5664],[-79.8301,-3.5431],[-79.839,-3.5301],[-79.8304,-3.5187],[-79.8001,-3.5238],[-79.7917,-3.4914],[-79.7775,-3.4699],[-79.765,-3.4622],[-79.8061,-3.412],[-79.8116,-3.3716],[-79.8315,-3.3617],[-79.857,-3.3687],[-79.8632,-3.3801],[-79.8839,-3.3823],[-79.8978,-3.3871],[-79.8994,-3.4022],[-79.9125,-3.4263],[-79.9622,-3.4356],[-79.9852,-3.4274],[-79.9898,-3.4136],[-80.0076,-3.4061],[-80.0088,-3.3997],[-79.9977,-3.3885],[-80.0241,-3.3594],[-80.0557,-3.3854],[-80.0411,-3.3923],[-80.0282,-3.4099],[-80.0251,-3.4378],[-80.0113,-3.481],[-80.0316,-3.5346],[-80.0215,-3.5633],[-79.9782,-3.5744],[-79.9909,-3.602],[-79.9539,-3.5969],[-79.9447,-3.6156]]],[[[-80.2452,-3.4016],[-80.2712,-3.381],[-80.2795,-3.3612],[-80.3033,-3.372],[-80.3005,-3.3921],[-80.2895,-3.4034],[-80.2452,-3.4016]]],[[[-80.21,-3.344],[-80.2211,-3.3495],[-80.205,-3.3727],[-80.2003,-3.3945],[-80.1812,-3.3933],[-80.1552,-3.4156],[-80.107,-3.4006],[-80.0852,-3.4158],[-80.0685,-3.4134],[-80.0666,-3.4001],[-80.0758,-3.3958],[-80.087,-3.4031],[-80.0943,-3.3935],[-80.0839,-3.3828],[-80.1005,-3.3707],[-80.1084,-3.3499],[-80.1256,-3.3475],[-80.1266,-3.365],[-80.1333,-3.3729],[-80.1435,-3.3774],[-80.1733,-3.3594],[-80.167,-3.3471],[-80.2011,-3.3382],[-80.21,-3.344]]],[[[-80.1334,-3.3349],[-80.1588,-3.3364],[-80.1685,-3.3576],[-80.1348,-3.3721],[-80.1305,-3.3513],[-80.1334,-3.3349]]],[[[-80.2414,-3.3306],[-80.2523,-3.3316],[-80.2633,-3.3575],[-80.2467,-3.3825],[-80.227,-3.3969],[-80.2273,-3.4175],[-80.1856,-3.413],[-80.2063,-3.3961],[-80.2137,-3.3739],[-80.2391,-3.3572],[-80.2414,-3.3306]]],[[[-80.0285,-3.283],[-80.0426,-3.2783],[-80.0721,-3.2909],[-80.1057,-3.3181],[-80.0919,-3.3325],[-80.0833,-3.379],[-80.0836,-3.3851],[-80.0916,-3.3922],[-80.0868,-3.4],[-80.0737,-3.3936],[-80.0641,-3.3945],[-80.059,-3.3808],[-80.0387,-3.3682],[-80.0399,-3.3479],[-80.0346,-3.3004],[-80.0285,-3.283]]],[[[-80.0285,-3.2344],[-80.0446,-3.2265],[-80.0542,-3.2578],[-80.0665,-3.282],[-80.0428,-3.2769],[-80.0259,-3.2802],[-80.0123,-3.2636],[-80.0285,-3.2344]]]]},"properties":{"ciudad":"Santa Rosa","provincia":"El Oro"}},
{"type":"Feature","geometry":{"type":"Polygon","coordinates":[[[-78.5564,-2.5601],[-78.5675,-2.5907],[-78.5555,-2.6163],[-78.5314,-2.6252],[-78.5176,-2.5863],[-78.4978,-2.5719],[-78.4807,-2.5728],[-78.4616,-2.5907],[-78.4441,-2.5944],[-78.4223,-2.631],[-78.4348,-2.6437],[-78.475,-2.663],[-78.4855,-2.6602],[-78.5138,-2.6778],[-78.5275,-2.6924],[-78.5568,-2.6965],[-78.5779,-2.7073],[-78.5924,-2.7454],[-78.6128,-2.7865],[-78.5988,-2.8089],[-78.5779,-2.8274],[-78.5745,-2.8492],[-78.5829,-2.8562],[-78.6,-2.8718],[-78.6156,-2.8989],[-78.6026,-2.9137],[-78.5706,-2.9029],[-78.5536,-2.9043],[-78.5326,-2.8897],[-78.5083,-2.8801],[-78.4585,-2.8817],[-78.4543,-2.8594],[-78.4373,-2.8279],[-78.4342,-2.8117],[-78.4156,-2.798],[-78.394,-2.7963],[-78.3806,-2.8149],[-78.3466,-2.8111],[-78.3322,-2.8294],[-78.2973,-2.8059],[-78.2639,-2.8196],[-78.2491,-2.8177],[-78.2454,-2.8804],[-78.2575,-2.9146],[-78.237,-2.97],[-78.2284,-2.9819],[-78.2115,-2.9737],[-78.2091,-2.9562],[-78.1762,-2.9117],[-78.1452,-2.9137],[-78.1539,-2.8917],[-78.1511,-2.869],[-78.1592,-2.844],[-78.1235,-2.8228],[-78.1194,-2.8001],[-78.1076,-2.7881],[-78.1107,-2.7739],[-78.0971,-2.7514],[-78.1419,-2.732],[-78.1821,-2.7385],[-78.1807,-2.7239],[-78.2011,-2.6853],[-78.2002,-2.6675],[-78.2335,-2.6392],[-78.2483,-2.6353],[-78.2395,-2.6159],[-78.2416,-2.5961],[-78.2542,-2.5745],[-78.2697,-2.5702],[-78.3025,-2.5816],[-78.3155,-2.565],[-78.3509,-2.5589],[-78.3848,-2.5624],[-78.4262,-2.5281],[-78.4494,-2.5157],[-78.4786,-2.5302],[-78.5045,-2.5213],[-78.5122,-2.5417],[-78.5392,-2.5675],[-78.5564,-2.5601]]]},"properties":{"ciudad":"Santiago","provincia":"Morona Santiago"}},
{"type":"Feature","geometry":{"type":"Polygon","coordinates":[[[-78.5373,-1.2333],[-78.5209,-1.244],[-78.4852,-1.2279],[-78.4653,-1.2347],[-78.4386,-1.2202],[-78.4355,-1.1972],[-78.4127,-1.1789],[-78.4006,-1.1843],[-78.3856,-1.1658],[-78.3537,-1.1629],[-78.3375,-1.135],[-78.3342,-1.1107],[-78.3421,-1.0974],[-78.3327,-1.0832],[-78.3332,-1.0604],[-78.3257,-1.0395],[-78.3441,-1.0282],[-78.3594,-1.0027],[-78.393,-1.0067],[-78.4047,-0.9896],[-78.41,-1.0193],[-78.4455,-1.0474],[-78.4589,-1.084],[-78.502,-1.094],[-78.5219,-1.0692],[-78.5229,-1.0594],[-78.5592,-1.0588],[-78.5718,-1.0653],[-78.5627,-1.084],[-78.5704,-1.0972],[-78.5658,-1.123],[-78.5709,-1.1358],[-78.5659,-1.1563],[-78.5742,-1.1629],[-78.5659,-1.2006],[-78.5377,-1.2225],[-78.5373,-1.2333]]]},"properties":{"ciudad":"Santiago de Píllaro","provincia":"Tungurahua"}},
{"type":"Feature","geometry":{"type":"Polygon","coordinates":[[[-79.369,-0.658],[-79.3621,-0.6768],[-79.3487,-0.6904],[-79.3232,-0.6987],[-79.2935,-0.6991],[-79.2647,-0.6626],[-79.2357,-0.6435],[-79.2154,-0.6394],[-79.2016,-0.6281],[-79.1948,-0.6066],[-79.1696,-0.5927],[-79.1519,-0.5757],[-79.1369,-0.5495],[-79.1127,-0.542],[-79.1011,-0.5247],[-79.0801,-0.5279],[-79.0597,-0.5134],[-79.046,-0.4886],[-79.0168,-0.4519],[-79.015,-0.4226],[-78.9645,-0.4009],[-78.9686,-0.382],[-78.9545,-0.3615],[-78.933,-0.3608],[-78.9406,-0.3314],[-78.9288,-0.3136],[-78.8987,-0.3355],[-78.8675,-0.3315],[-78.8639,-0.3453],[-78.8454,-0.3483],[-78.8174,-0.3412],[-78.8071,-0.3247],[-78.7742,-0.2979],[-78.7735,-0.2787],[-78.7465,-0.2772],[-78.7597,-0.2397],[-78.7782,-0.2242],[-78.8328,-0.1871],[-78.8293,-0.1783],[-78.8334,-0.1411],[-78.8396,-0.1338],[-78.8574,-0.133],[-78.8817,-0.1098],[-78.9093,-0.1079],[-78.9284,-0.1208],[-78.9633,-0.1049],[-79.0243,-0.1176],[-79.0454,-0.1017],[-79.1123,-0.0861],[-79.1441,-0.0928],[-79.1483,-0.085],[-79.127,-0.049],[-79.0999,-0.0343],[-79.0975,-0.0264],[-79.1499,-0.0131],[-79.1689,-0.0153],[-79.184,-0.0141],[-79.211,0.0029],[-79.2319,0.0034],[-79.2943,0.0172],[-79.3049,-0.0121],[-79.331,-0.0217],[-79.331,-0.0376],[-79.3154,-0.0453],[-79.3526,-0.1085],[-79.3839,-0.109],[-79.414,-0.1027],[-79.4371,-0.114],[-79.4779,-0.1122],[-79.4868,-0.0971],[-79.5482,-0.1003],[-79.5411,-0.1335],[-79.5298,-0.1365],[-79.5246,-0.1575],[-79.5086,-0.1688],[-79.4625,-0.1714],[-79.4493,-0.1794],[-79.4293,-0.1754],[-79.4169,-0.1907],[-79.41,-0.2195],[-79.4105,-0.2761],[-79.4024,-0.2866],[-79.4075,-0.3036],[-79.403,-0.3283],[-79.4018,-0.4026],[-79.4168,-0.4147],[-79.4291,-0.4387],[-79.4586,-0.4611],[-79.4599,-0.5037],[-79.4663,-0.5298],[-79.4834,-0.5431],[-79.4611,-0.5483],[-79.417,-0.5387],[-79.3896,-0.5458],[-79.3726,-0.5398],[-79.3465,-0.5439],[-79.3648,-0.5861],[-79.3484,-0.614],[-79.3483,-0.6327],[-79.369,-0.658]]]},"properties":{"ciudad":"Santo Domingo","provincia":"Santo Domingo de los Tsáchilas"}},
{"type":"Feature","geometry":{"type":"Polygon","coordinates":[[[-78.8141,-0.7762],[-78.8088,-0.8179],[-78.8034,-0.8311],[-78.8103,-0.8632],[-78.8054,-0.8721],[-78.8162,-0.8925],[-78.8085,-0.9197],[-78.7953,-0.9244],[-78.7725,-0.8749],[-78.7372,-0.8815],[-78.7215,-0.8598],[-78.7023,-0.8663],[-78.6842,-0.8543],[-78.6518,-0.8566],[-78.6406,-0.8436],[-78.6609,-0.834],[-78.6776,-0.7949],[-78.6911,-0.7768],[-78.6999,-0.7534],[-78.77,-0.7559],[-78.7781,-0.7809],[-78.7908,-0.7716],[-78.8141,-0.7762]]]},"properties":{"ciudad":"Saquisilí","provincia":"Cotopaxi"}},
{"type":"Feature","geometry":{"type":"Polygon","coordinates":[[[-79.1953,-3.725],[-79.1789,-3.7117],[-79.1622,-3.7153],[-79.1575,-3.7023],[-79.1592,-3.6773],[-79.154,-3.6621],[-79.1396,-3.6635],[-79.1079,-3.6476],[-79.0953,-3.6254],[-79.1182,-3.6015],[-79.1355,-3.592],[-79.1395,-3.5582],[-79.1363,-3.528],[-79.1585,-3.5046],[-79.1612,-3.4705],[-79.1759,-3.4673],[-79.1815,-3.4406],[-79.2086,-3.449],[-79.2218,-3.4617],[-79.2577,-3.4758],[-79.2765,-3.4768],[-79.2895,-3.4666],[-79.3045,-3.4228],[-79.3086,-3.4003],[-79.3021,-3.3681],[-79.3054,-3.3577],[-79.3405,-3.3427],[-79.3821,-3.3464],[-79.4296,-3.3435],[-79.4614,-3.3304],[-79.461,-3.3462],[-79.4745,-3.3978],[-79.4609,-3.4315],[-79.4371,-3.4279],[-79.422,-3.4434],[-79.4295,-3.4641],[-79.4422,-3.47],[-79.4592,-3.498],[-79.4815,-3.5145],[-79.4792,-3.582],[-79.4987,-3.6095],[-79.4871,-3.6381],[-79.4722,-3.6207],[-79.4493,-3.6062],[-79.4313,-3.5796],[-79.4232,-3.5812],[-79.4152,-3.6074],[-79.3926,-3.6121],[-79.3727,-3.6375],[-79.3665,-3.6605],[-79.3734,-3.6801],[-79.3581,-3.6808],[-79.3497,-3.6955],[-79.3347,-3.6934],[-79.3184,-3.7212],[-79.3062,-3.6981],[-79.2888,-3.6856],[-79.2792,-3.6903],[-79.2604,-3.6723],[-79.2471,-3.6839],[-79.2309,-3.6858],[-79.2002,-3.7126],[-79.1953,-3.725]]]},"properties":{"ciudad":"Saraguro","provincia":"Loja"}},
{"type":"Feature","geometry":{"type":"Polygon","coordinates":[[[-78.5695,-2.5587],[-78.5806,-2.5744],[-78.6225,-2.5941],[-78.6254,-2.607],[-78.617,-2.629],[-78.6171,-2.6672],[-78.6265,-2.6985],[-78.6419,-2.7223],[-78.646,-2.7406],[-78.6577,-2.7728],[-78.655,-2.8192],[-78.6179,-2.8334],[-78.5829,-2.8562],[-78.5745,-2.8492],[-78.5779,-2.8274],[-78.5988,-2.8089],[-78.6128,-2.7865],[-78.5924,-2.7454],[-78.5779,-2.7073],[-78.5568,-2.6965],[-78.5275,-2.6924],[-78.5138,-2.6778],[-78.4855,-2.6602],[-78.475,-2.663],[-78.4348,-2.6437],[-78.4223,-2.631],[-78.4441,-2.5944],[-78.4616,-2.5907],[-78.4807,-2.5728],[-78.4978,-2.5719],[-78.5176,-2.5863],[-78.5314,-2.6252],[-78.5555,-2.6163],[-78.5675,-2.5907],[-78.5564,-2.5601],[-78.5695,-2.5587]]]},"properties":{"ciudad":"Sevilla de Oro","provincia":"Azuay"}},
{"type":"Feature","geometry":{"type":"Polygon","coordinates":[[[-75.8753,-0.4179],[-75.9128,-0.4036],[-75.9153,-0.3848],[-75.9343,-0.3896],[-75.9809,-0.3538],[-76.0066,-0.361],[-76.0211,-0.3483],[-76.0243,-0.3185],[-76.0478,-0.2932],[-76.0685,-0.3023],[-76.1148,-0.292],[-76.1537,-0.2942],[-76.1619,-0.2658],[-76.1752,-0.2649],[-76.1871,-0.2777],[-76.2059,-0.2771],[-76.2181,-0.2898],[-76.2352,-0.2851],[-76.2542,-0.3017],[-76.2622,-0.2875],[-76.2941,-0.288],[-76.3137,-0.2965],[-76.3327,-0.2852],[-76.3544,-0.287],[-76.3681,-0.2988],[-76.4094,-0.2984],[-76.4271,-0.2694],[-76.4247,-0.2546],[-76.4459,-0.2388],[-76.4625,-0.2346],[-76.476,-0.2198],[-76.4896,-0.1881],[-76.5026,-0.187],[-76.4961,-0.1632],[-76.5101,-0.1485],[-76.5074,-0.1301],[-76.5163,-0.1184],[-76.514,-0.0904],[-76.5317,-0.0889],[-76.5501,-0.0648],[-76.5744,-0.06],[-76.5945,-0.0645],[-76.6119,-0.0264],[-76.6267,-0.0307],[-76.6406,-0.0094],[-76.658,-0.0079],[-76.6581,-0.091],[-76.7017,-0.1105],[-76.7336,-0.1213],[-76.7459,-0.1121],[-76.7924,-0.1326],[-76.8021,-0.1187],[-76.8376,-0.1168],[-76.8588,-0.0979],[-76.8789,-0.0981],[-76.9046,-0.0844],[-76.9017,-0.1083],[-76.8752,-0.1278],[-76.8742,-0.1368],[-76.8446,-0.182],[-76.8073,-0.2195],[-76.801,-0.2345],[-76.7682,-0.256],[-76.7602,-0.2679],[-76.7444,-0.3118],[-76.72,-0.3354],[-76.7216,-0.3497],[-76.7018,-0.3519],[-76.6875,-0.3711],[-76.6685,-0.3771],[-76.6591,-0.3903],[-76.6335,-0.4041],[-76.6404,-0.4182],[-76.6279,-0.4289],[-76.6012,-0.4303],[-76.5685,-0.4106],[-76.552,-0.4137],[-76.5273,-0.4403],[-76.5045,-0.444],[-76.4912,-0.469],[-76.4651,-0.4895],[-76.4381,-0.4848],[-76.414,-0.4914],[-76.3857,-0.521],[-76.3661,-0.5169],[-76.3487,-0.4964],[-76.3245,-0.4826],[-76.2917,-0.4772],[-76.2618,-0.4473],[-76.2331,-0.4489],[-76.1967,-0.4382],[-76.1576,-0.4424],[-76.129,-0.452],[-76.0869,-0.4401],[-76.0747,-0.4562],[-76.0728,-0.4796],[-76.0593,-0.5051],[-76.0021,-0.5467],[-75.9734,-0.5622],[-75.9302,-0.5685],[-75.9473,-0.549],[-75.9461,-0.5387],[-75.8753,-0.4179]]]},"properties":{"ciudad":"Shushufindi","provincia":"Sucumbíos"}},
{"type":"Feature","geometry":{"type":"Polygon","coordinates":[[[-79.1173,-0.8622],[-79.0937,-0.8701],[-79.0812,-0.8823],[-79.0637,-0.8826],[-79.0516,-0.8929],[-79.0081,-0.8862],[-78.9901,-0.8882],[-78.9506,-0.8635],[-78.9222,-0.8724],[-78.8717,-0.832],[-78.8556,-0.8423],[-78.8347,-0.8225],[-78.8088,-0.8179],[-78.8141,-0.7762],[-78.8329,-0.758],[-78.8362,-0.7373],[-78.8296,-0.7027],[-78.8125,-0.6809],[-78.7883,-0.6683],[-78.7676,-0.6355],[-78.7205,-0.6492],[-78.739,-0.6215],[-78.7281,-0.5873],[-78.733,-0.5594],[-78.7781,-0.5382],[-78.7906,-0.5425],[-78.8121,-0.5366],[-78.8342,-0.5209],[-78.833,-0.4996],[-78.8392,-0.4768],[-78.8566,-0.4649],[-78.8706,-0.4178],[-78.8891,-0.4092],[-78.9163,-0.3675],[-78.9069,-0.3615],[-78.9184,-0.34],[-78.9406,-0.3314],[-78.933,-0.3608],[-78.9545,-0.3615],[-78.9686,-0.382],[-78.9645,-0.4009],[-79.015,-0.4226],[-79.0168,-0.4519],[-79.046,-0.4886],[-79.0597,-0.5134],[-79.0801,-0.5279],[-79.1011,-0.5247],[-79.1127,-0.542],[-79.0882,-0.5569],[-79.0833,-0.5667],[-79.0726,-0.5766],[-79.0434,-0.5885],[-79.0162,-0.6272],[-79.0121,-0.6547],[-79.0169,-0.7181],[-79.0113,-0.7339],[-78.9934,-0.7461],[-79.008,-0.7593],[-79.0204,-0.7577],[-79.0207,-0.82],[-79.0439,-0.8192],[-79.0715,-0.8071],[-79.0954,-0.8347],[-79.1041,-0.855],[-79.1173,-0.8622]]]},"properties":{"ciudad":"Sigchos","provincia":"Cotopaxi"}},
{"type":"Feature","geometry":{"type":"Polygon","coordinates":[[[-78.7737,-2.9837],[-78.808,-2.9976],[-78.853,-2.98],[-78.8601,-2.9947],[-78.8762,-3.0133],[-78.8764,-3.0356],[-78.9164,-3.0757],[-78.9419,-3.0964],[-78.9571,-3.1178],[-78.9947,-3.1367],[-79.0063,-3.1577],[-79.0289,-3.1759],[-79.0221,-3.1885],[-78.9935,-3.2252],[-78.9855,-3.2583],[-78.9673,-3.2636],[-78.9358,-3.2882],[-78.9362,-3.2757],[-78.913,-3.2731],[-78.9004,-3.2555],[-78.8798,-3.2501],[-78.8567,-3.2296],[-78.8415,-3.2444],[-78.8116,-3.2089],[-78.7892,-3.1899],[-78.775,-3.1705],[-78.7551,-3.1592],[-78.7506,-3.1465],[-78.7034,-3.1274],[-78.6887,-3.1051],[-78.6793,-3.0678],[-78.6734,-3.0606],[-78.6824,-3.0471],[-78.7184,-3.0335],[-78.7522,-3.0318],[-78.7634,-3.0202],[-78.7737,-2.9837]]]},"properties":{"ciudad":"Sigsig","provincia":"Azuay"}},
{"type":"Feature","geometry":{"type":"Polygon","coordinates":[[[-79.5206,-2.0131],[-79.5232,-2.0371],[-79.4743,-2.0625],[-79.4692,-2.111],[-79.4498,-2.0994],[-79.4154,-2.1076],[-79.416,-2.0911],[-79.3848,-2.0851],[-79.3383,-2.1004],[-79.3316,-2.1221],[-79.2956,-2.1268],[-79.2805,-2.1454],[-79.2801,-2.1251],[-79.2711,-2.1038],[-79.318,-2.0811],[-79.3183,-2.0588],[-79.3528,-2.0092],[-79.3698,-1.9718],[-79.4008,-1.9675],[-79.4214,-1.9373],[-79.4451,-1.9347],[-79.4764,-1.9835],[-79.5044,-1.9979],[-79.5206,-2.0131]]]},"properties":{"ciudad":"Simón Bolívar","provincia":"Guayas"}},
{"type":"Feature","geometry":{"type":"Polygon","coordinates":[[[-79.7237,-4.1506],[-79.7605,-4.1431],[-79.8093,-4.116],[-79.823,-4.1348],[-79.8447,-4.1488],[-79.8625,-4.1566],[-79.8605,-4.1753],[-79.8838,-4.2046],[-79.8672,-4.2131],[-79.8539,-4.2357],[-79.8524,-4.2871],[-79.8444,-4.2997],[-79.8353,-4.345],[-79.8016,-4.3489],[-79.7942,-4.3666],[-79.7863,-4.4081],[-79.7717,-4.4265],[-79.7538,-4.4603],[-79.7509,-4.4837],[-79.7188,-4.468],[-79.7066,-4.4716],[-79.6784,-4.4482],[-79.6812,-4.4277],[-79.6916,-4.4127],[-79.7187,-4.3936],[-79.7374,-4.3543],[-79.7328,-4.3081],[-79.7546,-4.2865],[-79.7541,-4.2687],[-79.7435,-4.2558],[-79.7498,-4.2391],[-79.7466,-4.2179],[-79.7264,-4.2044],[-79.7237,-4.1506]]]},"properties":{"ciudad":"Sozoranga","provincia":"Loja"}},
{"type":"Feature","geometry":{"type":"MultiPolygon","coordinates":[[[[-80.3345,-0.6605],[-80.3446,-0.6732],[-80.3232,-0.68],[-80.3148,-0.6593],[-80.3345,-0.6605]]],[[[-80.4928,-0.869],[-80.4771,-0.8727],[-80.4575,-0.8591],[-80.3964,-0.835],[-80.3843,-0.822],[-80.3806,-0.8009],[-80.3659,-0.793],[-80.3364,-0.7459],[-80.3242,-0.7162],[-80.3233,-0.6811],[-80.3451,-0.6741],[-80.358,-0.6546],[-80.381,-0.6629],[-80.406,-0.651],[-80.4237,-0.6299],[-80.4217,-0.5967],[-80.4526,-0.611],[-80.4701,-0.6395],[-80.4982,-0.724],[-80.5078,-0.739],[-80.5213,-0.7947],[-80.517,-0.7976],[-80.5094,-0.8345],[-80.4922,-0.8551],[-80.4928,-0.869]]],[[[-80.0804,-0.2478],[-80.1317,-0.2591],[-80.1477,-0.2781],[-80.1724,-0.2889],[-80.1808,-0.2783],[-80.1998,-0.2836],[-80.1937,-0.3017],[-80.2168,-0.3122],[-80.2245,-0.3245],[-80.2445,-0.318],[-80.2541,-0.3353],[-80.2747,-0.3352],[-80.2917,-0.3563],[-80.3096,-0.3672],[-80.3134,-0.3755],[-80.2957,-0.4018],[-80.2874,-0.4012],[-80.2709,-0.447],[-80.2478,-0.4552],[-80.2284,-0.4554],[-80.2344,-0.4756],[-80.2216,-0.4918],[-80.1896,-0.4824],[-80.1882,-0.4331],[-80.1722,-0.4262],[-80.1715,-0.3673],[-80.154,-0.3565],[-80.1268,-0.3485],[-80.1282,-0.3307],[-80.1006,-0.3026],[-80.0986,-0.2778],[-80.0804,-0.2478]]]]},"properties":{"ciudad":"Sucre","provincia":"Manabí"}},
{"type":"Feature","geometry":{"type":"Polygon","coordinates":[[[-78.5045,-2.5213],[-78.4786,-2.5302],[-78.4494,-2.5157],[-78.4262,-2.5281],[-78.3848,-2.5624],[-78.3509,-2.5589],[-78.3155,-2.565],[-78.3025,-2.5816],[-78.2697,-2.5702],[-78.2542,-2.5745],[-78.2481,-2.5587],[-78.2312,-2.5486],[-78.2108,-2.5684],[-78.2002,-2.5879],[-78.1822,-2.6011],[-78.1528,-2.5918],[-78.1471,-2.6116],[-78.1278,-2.6103],[-78.1079,-2.6174],[-78.0997,-2.5739],[-78.0786,-2.5739],[-78.042,-2.6007],[-78.0358,-2.6291],[-78.0201,-2.6211],[-78.029,-2.5729],[-78.0373,-2.5681],[-78.0393,-2.5407],[-78.0199,-2.5099],[-78.0236,-2.4885],[-78.0381,-2.4714],[-78.0363,-2.4288],[-78.0233,-2.4217],[-78.0089,-2.4004],[-78.0254,-2.3963],[-78.0718,-2.4027],[-78.1067,-2.3994],[-78.1535,-2.4023],[-78.1837,-2.3892],[-78.1961,-2.3705],[-78.2092,-2.3695],[-78.2358,-2.3414],[-78.2538,-2.3481],[-78.2867,-2.3463],[-78.303,-2.3623],[-78.3198,-2.3938],[-78.3537,-2.4231],[-78.3707,-2.4586],[-78.385,-2.4754],[-78.4009,-2.4765],[-78.3964,-2.5036],[-78.4405,-2.5033],[-78.4505,-2.4934],[-78.4741,-2.5037],[-78.4977,-2.5033],[-78.5045,-2.5213]]]},"properties":{"ciudad":"Sucúa","provincia":"Morona Santiago"}},
{"type":"Feature","geometry":{"type":"Polygon","coordinates":[[[-77.8127,0.3568],[-77.8258,0.3226],[-77.8318,0.315],[-77.8153,0.2865],[-77.7908,0.2704],[-77.7709,0.2473],[-77.7516,0.2469],[-77.7112,0.1974],[-77.7085,0.1445],[-77.6923,0.138],[-77.6768,0.1508],[-77.6758,0.1676],[-77.6604,0.1823],[-77.6284,0.1977],[-77.629,0.2147],[-77.6195,0.2264],[-77.5909,0.2392],[-77.5766,0.2333],[-77.546,0.2432],[-77.5207,0.2324],[-77.5062,0.2344],[-77.4966,0.2537],[-77.4795,0.2539],[-77.4623,0.2644],[-77.4531,0.2857],[-77.4538,0.303],[-77.4356,0.3097],[-77.4255,0.3438],[-77.4281,0.3712],[-77.4171,0.3752],[-77.3893,0.388],[-77.4123,0.4089],[-77.4313,0.4394],[-77.4584,0.4267],[-77.5295,0.4061],[-77.5201,0.4215],[-77.5187,0.4529],[-77.5257,0.4712],[-77.5163,0.4946],[-77.5229,0.5197],[-77.5105,0.5655],[-77.4889,0.5849],[-77.4798,0.613],[-77.479,0.6404],[-77.4919,0.6625],[-77.5319,0.6524],[-77.5665,0.6345],[-77.6163,0.6417],[-77.6371,0.636],[-77.6555,0.6472],[-77.6807,0.6435],[-77.6897,0.6211],[-77.6558,0.6041],[-77.6635,0.5945],[-77.6786,0.5616],[-77.7101,0.5479],[-77.7198,0.5327],[-77.7516,0.5051],[-77.7604,0.4803],[-77.7711,0.4735],[-77.7945,0.4347],[-77.807,0.4269],[-77.8135,0.4038],[-77.8033,0.3992],[-77.797,0.3683],[-77.8127,0.3568]]]},"properties":{"ciudad":"Sucumbíos","provincia":"Sucumbíos"}},
{"type":"Feature","geometry":{"type":"Polygon","coordinates":[[[-79.042,-2.4236],[-79.068,-2.4353],[-79.1188,-2.4847],[-79.1145,-2.4938],[-79.0799,-2.5041],[-79.0613,-2.5011],[-79.0541,-2.4752],[-79.0118,-2.4408],[-79.042,-2.4236]]]},"properties":{"ciudad":"Suscal","provincia":"Cañar"}},
{"type":"Feature","geometry":{"type":"Polygon","coordinates":[[[-77.8223,-2.0096],[-77.8037,-2.021],[-77.8063,-2.0432],[-77.8,-2.0666],[-77.8086,-2.0834],[-77.8073,-2.1425],[-77.8185,-2.1675],[-77.8104,-2.1883],[-77.815,-2.2117],[-77.7682,-2.2308],[-77.7566,-2.223],[-77.7314,-2.2204],[-77.7353,-2.2638],[-77.7463,-2.2685],[-77.7495,-2.3126],[-77.7446,-2.3323],[-77.7473,-2.4041],[-77.7323,-2.4213],[-77.7316,-2.4576],[-77.7258,-2.4689],[-77.7384,-2.4844],[-77.7269,-2.536],[-77.7017,-2.5879],[-77.6767,-2.6275],[-77.7001,-2.6278],[-77.7142,-2.6612],[-77.6904,-2.6756],[-77.6817,-2.7065],[-77.6852,-2.7154],[-77.6758,-2.7418],[-77.6601,-2.7642],[-77.6699,-2.788],[-77.6579,-2.8044],[-77.6439,-2.8056],[-77.6206,-2.7951],[-77.6145,-2.778],[-77.5903,-2.7934],[-77.5899,-2.913],[-77.0249,-2.7224],[-76.693,-2.6103],[-76.7276,-2.5797],[-76.7352,-2.559],[-76.7568,-2.5617],[-76.7798,-2.554],[-76.7966,-2.5701],[-76.8133,-2.5604],[-76.8217,-2.5423],[-76.8422,-2.5572],[-76.8855,-2.5664],[-76.8984,-2.554],[-76.9168,-2.5645],[-76.9298,-2.5443],[-76.9449,-2.5545],[-76.9715,-2.5093],[-76.9977,-2.5143],[-77,-2.4628],[-77.0235,-2.455],[-77.035,-2.4432],[-77.0468,-2.4117],[-77.0644,-2.3877],[-77.0824,-2.3742],[-77.0888,-2.3454],[-77.1261,-2.3155],[-77.166,-2.301],[-77.1929,-2.2716],[-77.2302,-2.261],[-77.241,-2.2453],[-77.2677,-2.221],[-77.2778,-2.1962],[-77.2908,-2.1957],[-77.3508,-2.1601],[-77.3856,-2.1507],[-77.4384,-2.1197],[-77.461,-2.1162],[-77.5022,-2.0949],[-77.506,-2.0841],[-77.5605,-2.0722],[-77.5775,-2.0756],[-77.5925,-2.0534],[-77.617,-2.0413],[-77.6419,-2.0426],[-77.6667,-2.0509],[-77.6971,-2.0252],[-77.7127,-2.0268],[-77.7298,-2.0051],[-77.7342,-1.9847],[-77.7752,-1.9732],[-77.7939,-1.996],[-77.8241,-1.9948],[-77.8223,-2.0096]]]},"properties":{"ciudad":"Taisha","provincia":"Morona Santiago"}},
{"type":"Feature","geometry":{"type":"Polygon","coordinates":[[[-77.0613,-1.0082],[-77.0561,-0.9843],[-77.0726,-0.9703],[-77.0723,-0.9521],[-77.0563,-0.9469],[-77.0393,-0.9153],[-77.1019,-0.9098],[-77.1181,-0.9],[-77.1426,-0.8956],[-77.1433,-0.8745],[-77.1639,-0.8733],[-77.1835,-0.8537],[-77.1987,-0.8284],[-77.2057,-0.8031],[-77.1766,-0.7628],[-77.1486,-0.7559],[-77.141,-0.7369],[-77.1213,-0.7287],[-77.1155,-0.6996],[-77.1245,-0.6951],[-77.1463,-0.6971],[-77.1637,-0.7073],[-77.1898,-0.7548],[-77.2112,-0.7736],[-77.2218,-0.7716],[-77.2639,-0.8139],[-77.2778,-0.8378],[-77.2937,-0.8384],[-77.37,-0.8705],[-77.3727,-0.8827],[-77.4025,-0.8964],[-77.4179,-0.8898],[-77.4255,-0.9022],[-77.4439,-0.8961],[-77.4849,-0.9363],[-77.5157,-0.9507],[-77.5882,-0.9298],[-77.5782,-0.912],[-77.5518,-0.8996],[-77.5497,-0.8802],[-77.5364,-0.8693],[-77.5366,-0.8461],[-77.525,-0.8198],[-77.5343,-0.8002],[-77.5846,-0.8024],[-77.6032,-0.8158],[-77.6057,-0.8416],[-77.6149,-0.8437],[-77.6321,-0.8678],[-77.6646,-0.8558],[-77.6853,-0.8557],[-77.683,-0.8762],[-77.7009,-0.8822],[-77.7001,-0.9379],[-77.6952,-0.9752],[-77.7546,-0.9712],[-77.8178,-0.9371],[-77.8185,-0.9134],[-77.8462,-0.9154],[-77.8745,-0.8792],[-77.8917,-0.8662],[-77.9188,-0.8612],[-77.9492,-0.8685],[-77.9764,-0.8974],[-77.9852,-0.8833],[-78.0095,-0.875],[-78.0125,-0.8983],[-78.0007,-0.9113],[-78.0383,-0.9401],[-78.0465,-0.9249],[-78.0371,-0.89],[-78.047,-0.857],[-78.0792,-0.8375],[-78.1009,-0.8507],[-78.137,-0.8401],[-78.1573,-0.8496],[-78.1729,-0.8648],[-78.2141,-0.8617],[-78.2491,-0.8342],[-78.2609,-0.8091],[-78.2497,-0.7646],[-78.2711,-0.7556],[-78.2823,-0.7635],[-78.3294,-0.7802],[-78.3489,-0.7929],[-78.3886,-0.804],[-78.3827,-0.8599],[-78.4196,-0.8779],[-78.4273,-0.8884],[-78.4115,-0.9237],[-78.4099,-0.9466],[-78.4015,-0.9594],[-78.4047,-0.9896],[-78.393,-1.0067],[-78.3594,-1.0027],[-78.3441,-1.0282],[-78.3257,-1.0395],[-78.3332,-1.0604],[-78.3327,-1.0832],[-78.3421,-1.0974],[-78.3342,-1.1107],[-78.3375,-1.135],[-78.3537,-1.1629],[-78.3429,-1.1744],[-78.3184,-1.1632],[-78.3076,-1.1377],[-78.2644,-1.1419],[-78.2475,-1.1548],[-78.2312,-1.1411],[-78.208,-1.1464],[-78.1901,-1.1585],[-78.19,-1.1795],[-78.1719,-1.1902],[-78.1496,-1.1794],[-78.1253,-1.1933],[-78.115,-1.178],[-78.1124,-1.1564],[-78.0746,-1.1201],[-78.0517,-1.1265],[-78.0337,-1.1095],[-77.999,-1.0986],[-77.9781,-1.1013],[-77.9547,-1.0842],[-77.9293,-1.1135],[-77.8929,-1.1172],[-77.8996,-1.0958],[-77.8752,-1.0907],[-77.7934,-1.0922],[-77.793,-1.1202],[-77.7541,-1.1352],[-77.7306,-1.1629],[-77.7318,-1.1659],[-77.714,-1.1727],[-77.6959,-1.1431],[-77.6858,-1.1379],[-77.6658,-1.1479],[-77.6454,-1.134],[-77.6384,-1.1455],[-77.6155,-1.1485],[-77.5958,-1.1235],[-77.5606,-1.1588],[-77.5268,-1.1246],[-77.5059,-1.1209],[-77.4851,-1.105],[-77.4564,-1.0999],[-77.4416,-1.0777],[-77.4159,-1.0844],[-77.3919,-1.0836],[-77.3516,-1.102],[-77.3512,-1.0712],[-77.3205,-1.0724],[-77.2998,-1.0611],[-77.2609,-1.0527],[-77.2346,-1.0517],[-77.225,-1.0245],[-77.1977,-1.0252],[-77.1658,-1.0178],[-77.1418,-1.02],[-77.1078,-1.0077],[-77.0829,-1.0124],[-77.0613,-1.0082]]]},"properties":{"ciudad":"Tena","provincia":"Napo"}},
{"type":"Feature","geometry":{"type":"Polygon","coordinates":[[[-78.7402,-1.4014],[-78.7164,-1.3943],[-78.6771,-1.3992],[-78.649,-1.3939],[-78.643,-1.3583],[-78.6419,-1.3444],[-78.6711,-1.3216],[-78.7194,-1.3671],[-78.7234,-1.3834],[-78.7402,-1.4014]]]},"properties":{"ciudad":"Tisaleo","provincia":"Tungurahua"}},
{"type":"Feature","geometry":{"type":"Polygon","coordinates":[[[-78.0326,-3.1884],[-78.0118,-3.1781],[-78.0087,-3.1564],[-77.9707,-3.1177],[-77.9615,-3.0952],[-77.9518,-3.0907],[-77.9404,-3.0656],[-77.8399,-3.0081],[-77.845,-2.9991],[-77.5899,-2.913],[-77.5903,-2.7934],[-77.6145,-2.778],[-77.6206,-2.7951],[-77.6439,-2.8056],[-77.6655,-2.8144],[-77.6873,-2.8515],[-77.6963,-2.8538],[-77.726,-2.8271],[-77.7357,-2.8068],[-77.7979,-2.8123],[-77.7956,-2.8301],[-77.8202,-2.8421],[-77.8622,-2.8176],[-77.8806,-2.8331],[-77.8786,-2.8524],[-77.8941,-2.8529],[-77.8991,-2.8627],[-77.8997,-2.902],[-77.9224,-2.9334],[-77.9372,-2.927],[-77.9459,-2.9493],[-77.9649,-2.9436],[-77.9756,-2.9623],[-77.995,-2.9554],[-78.0068,-2.9704],[-78.0406,-2.958],[-78.0888,-2.9794],[-78.1134,-2.9798],[-78.1269,-2.9657],[-78.1452,-2.9137],[-78.1762,-2.9117],[-78.2091,-2.9562],[-78.2115,-2.9737],[-78.2284,-2.9819],[-78.2195,-2.9987],[-78.215,-3.0331],[-78.1824,-3.0296],[-78.1488,-3.0394],[-78.1266,-3.0575],[-78.1292,-3.0825],[-78.1507,-3.0893],[-78.149,-3.1182],[-78.1364,-3.1395],[-78.1109,-3.145],[-78.101,-3.1407],[-78.0626,-3.1486],[-78.0615,-3.1687],[-78.0438,-3.1674],[-78.0326,-3.1884]]]},"properties":{"ciudad":"Tiwintza","provincia":"Morona Santiago"}},
{"type":"Feature","geometry":{"type":"Polygon","coordinates":[[[-80.1748,-0.8054],[-80.1451,-0.7707],[-80.1618,-0.7585],[-80.1592,-0.7377],[-80.1754,-0.7308],[-80.2067,-0.7282],[-80.2153,-0.7128],[-80.2437,-0.6883],[-80.2678,-0.6799],[-80.2791,-0.658],[-80.3128,-0.6603],[-80.3233,-0.6811],[-80.3242,-0.7162],[-80.3364,-0.7459],[-80.3659,-0.793],[-80.3806,-0.8009],[-80.3843,-0.822],[-80.3482,-0.8417],[-80.3359,-0.8767],[-80.3182,-0.8893],[-80.2674,-0.8728],[-80.2533,-0.8609],[-80.2342,-0.8604],[-80.21,-0.8318],[-80.1834,-0.831],[-80.1748,-0.8054]]]},"properties":{"ciudad":"Tosagua","provincia":"Manabí"}},
{"type":"Feature","geometry":{"type":"Polygon","coordinates":[[[-77.8783,0.6772],[-77.8545,0.6879],[-77.8427,0.7014],[-77.8235,0.7098],[-77.7995,0.6801],[-77.8005,0.6622],[-77.7879,0.6474],[-77.7924,0.6299],[-77.766,0.604],[-77.7475,0.6293],[-77.7505,0.6571],[-77.7313,0.6494],[-77.6807,0.6435],[-77.6555,0.6472],[-77.6371,0.636],[-77.6163,0.6417],[-77.5665,0.6345],[-77.5319,0.6524],[-77.5583,0.6493],[-77.6016,0.6753],[-77.6381,0.7022],[-77.6628,0.7059],[-77.6729,0.735],[-77.6976,0.7409],[-77.6884,0.7691],[-77.6717,0.7798],[-77.6744,0.8016],[-77.664,0.8109],[-77.6957,0.8379],[-77.7208,0.8499],[-77.7467,0.8331],[-77.7643,0.8419],[-77.8044,0.8308],[-77.8199,0.8077],[-77.8669,0.8015],[-77.8913,0.8104],[-77.9108,0.8108],[-77.9442,0.822],[-77.9661,0.8244],[-77.9847,0.8529],[-78.0035,0.8592],[-78.0211,0.8746],[-78.0597,0.8872],[-78.0711,0.8972],[-78.0892,0.8971],[-78.1062,0.9135],[-78.1072,0.9278],[-78.1354,0.9359],[-78.154,0.924],[-78.1852,0.9378],[-78.195,0.9845],[-78.2061,1.0019],[-78.2382,1.0189],[-78.2432,1.0293],[-78.2666,1.0431],[-78.2801,1.0681],[-78.2529,1.0932],[-78.2656,1.1119],[-78.2799,1.1149],[-78.2908,1.133],[-78.3005,1.1708],[-78.3191,1.1946],[-78.3278,1.1852],[-78.3747,1.1744],[-78.3953,1.1523],[-78.418,1.1601],[-78.4158,1.1394],[-78.4319,1.1413],[-78.4386,1.1583],[-78.4271,1.1704],[-78.4423,1.1896],[-78.4634,1.1762],[-78.4788,1.1933],[-78.4906,1.1855],[-78.5086,1.1886],[-78.511,1.1685],[-78.5033,1.1366],[-78.508,1.0967],[-78.5052,1.0717],[-78.519,1.0683],[-78.5441,1.0457],[-78.5476,1.0108],[-78.5364,0.9805],[-78.5469,0.9419],[-78.5295,0.9201],[-78.4842,0.8851],[-78.46,0.8836],[-78.4347,0.8933],[-78.427,0.9249],[-78.4147,0.9265],[-78.385,0.958],[-78.3621,0.9487],[-78.3503,0.9013],[-78.3333,0.9025],[-78.3242,0.8911],[-78.2998,0.8826],[-78.2947,0.8679],[-78.2762,0.8614],[-78.2482,0.865],[-78.2264,0.8362],[-78.2114,0.8454],[-78.1868,0.8425],[-78.1786,0.8334],[-78.1558,0.8391],[-78.1334,0.8592],[-78.118,0.8598],[-78.1044,0.8302],[-78.0681,0.8341],[-78.0618,0.8081],[-78.0632,0.7782],[-78.0284,0.7566],[-78.0145,0.7436],[-77.9842,0.7464],[-77.9626,0.754],[-77.9531,0.7427],[-77.897,0.74],[-77.8887,0.7244],[-77.8901,0.6887],[-77.8783,0.6772]]]},"properties":{"ciudad":"Tulcán","provincia":"Carchi"}},
{"type":"Feature","geometry":{"type":"Polygon","coordinates":[[[-79.3532,-1.6334],[-79.3176,-1.6268],[-79.2991,-1.5994],[-79.2786,-1.6099],[-79.2701,-1.5866],[-79.2537,-1.5698],[-79.2472,-1.5435],[-79.2709,-1.5404],[-79.2856,-1.527],[-79.3042,-1.5259],[-79.3217,-1.5126],[-79.3175,-1.495],[-79.3288,-1.4763],[-79.3471,-1.4716],[-79.3609,-1.4706],[-79.3785,-1.4902],[-79.3948,-1.4962],[-79.4183,-1.4887],[-79.4482,-1.5028],[-79.4629,-1.5246],[-79.5022,-1.5204],[-79.5006,-1.5721],[-79.491,-1.6233],[-79.501,-1.6313],[-79.4835,-1.6527],[-79.4896,-1.669],[-79.4663,-1.6726],[-79.4552,-1.6566],[-79.4312,-1.6457],[-79.4126,-1.6188],[-79.3532,-1.6334]]]},"properties":{"ciudad":"Urdaneta","provincia":"Los Ríos"}},
{"type":"Feature","geometry":{"type":"Polygon","coordinates":[[[-79.4512,-0.9462],[-79.4281,-0.9448],[-79.3694,-0.9967],[-79.3357,-0.9689],[-79.315,-0.9579],[-79.3053,-0.9284],[-79.2872,-0.9118],[-79.2869,-0.8906],[-79.2411,-0.8745],[-79.2393,-0.8499],[-79.2191,-0.81],[-79.1859,-0.7982],[-79.1875,-0.7661],[-79.1602,-0.7429],[-79.1412,-0.7121],[-79.1286,-0.649],[-79.0973,-0.6041],[-79.0833,-0.5667],[-79.0882,-0.5569],[-79.1127,-0.542],[-79.1369,-0.5495],[-79.1519,-0.5757],[-79.1696,-0.5927],[-79.1948,-0.6066],[-79.2016,-0.6281],[-79.2154,-0.6394],[-79.2357,-0.6435],[-79.2647,-0.6626],[-79.2935,-0.6991],[-79.3232,-0.6987],[-79.3487,-0.6904],[-79.3621,-0.6768],[-79.369,-0.658],[-79.4021,-0.6721],[-79.4209,-0.6596],[-79.4224,-0.6888],[-79.4447,-0.6914],[-79.4536,-0.7039],[-79.4485,-0.7294],[-79.4587,-0.7569],[-79.461,-0.7793],[-79.4516,-0.7925],[-79.4617,-0.8028],[-79.4534,-0.8179],[-79.4567,-0.8327],[-79.4712,-0.8343],[-79.4818,-0.8496],[-79.4725,-0.8663],[-79.4789,-0.8908],[-79.4609,-0.8884],[-79.4476,-0.9084],[-79.4512,-0.9462]]]},"properties":{"ciudad":"Valencia","provincia":"Los Ríos"}},
{"type":"Feature","geometry":{"type":"Polygon","coordinates":[[[-79.2784,-1.3547],[-79.2736,-1.3376],[-79.3223,-1.3222],[-79.3326,-1.2963],[-79.3533,-1.2984],[-79.3628,-1.3245],[-79.3948,-1.3232],[-79.4135,-1.3053],[-79.4144,-1.2716],[-79.4208,-1.252],[-79.3986,-1.2388],[-79.4064,-1.2243],[-79.3951,-1.1953],[-79.3797,-1.1705],[-79.3841,-1.156],[-79.3706,-1.132],[-79.3782,-1.1255],[-79.4042,-1.1208],[-79.4142,-1.1433],[-79.4106,-1.1749],[-79.4273,-1.1934],[-79.4431,-1.2183],[-79.4392,-1.2276],[-79.4541,-1.2784],[-79.4546,-1.3],[-79.4456,-1.3291],[-79.4733,-1.3264],[-79.517,-1.3284],[-79.5393,-1.3655],[-79.5519,-1.3727],[-79.54,-1.3736],[-79.4918,-1.4011],[-79.4942,-1.4174],[-79.5109,-1.443],[-79.5108,-1.4856],[-79.5022,-1.5204],[-79.4629,-1.5246],[-79.4482,-1.5028],[-79.4183,-1.4887],[-79.3948,-1.4962],[-79.3785,-1.4902],[-79.3609,-1.4706],[-79.3471,-1.4716],[-79.3559,-1.4624],[-79.3167,-1.438],[-79.3243,-1.3924],[-79.2962,-1.3959],[-79.2802,-1.3853],[-79.2852,-1.3684],[-79.2784,-1.3547]]]},"properties":{"ciudad":"Ventanas","provincia":"Los Ríos"}},
{"type":"Feature","geometry":{"type":"Polygon","coordinates":[[[-79.5997,-1.4496],[-79.5614,-1.4121],[-79.5614,-1.3914],[-79.5519,-1.3727],[-79.5393,-1.3655],[-79.517,-1.3284],[-79.5228,-1.3076],[-79.5548,-1.3291],[-79.5781,-1.3287],[-79.6015,-1.3157],[-79.6305,-1.3315],[-79.635,-1.3493],[-79.627,-1.3715],[-79.6438,-1.3842],[-79.6624,-1.4075],[-79.677,-1.4175],[-79.7133,-1.4852],[-79.735,-1.4873],[-79.7727,-1.4499],[-79.7912,-1.4554],[-79.8072,-1.4479],[-79.8179,-1.4621],[-79.8506,-1.4569],[-79.8347,-1.4215],[-79.8609,-1.4213],[-79.8714,-1.4582],[-79.8667,-1.4786],[-79.8754,-1.5099],[-79.8679,-1.5257],[-79.8748,-1.5419],[-79.8595,-1.5623],[-79.8601,-1.5797],[-79.8712,-1.6012],[-79.8562,-1.6314],[-79.8634,-1.6438],[-79.8369,-1.6554],[-79.8278,-1.6804],[-79.8399,-1.6853],[-79.8257,-1.7077],[-79.8015,-1.7128],[-79.7857,-1.7277],[-79.771,-1.7241],[-79.7482,-1.7385],[-79.7521,-1.703],[-79.7262,-1.6743],[-79.7313,-1.652],[-79.7296,-1.6228],[-79.7177,-1.6175],[-79.678,-1.6439],[-79.6734,-1.5978],[-79.6936,-1.5556],[-79.6595,-1.5414],[-79.6527,-1.503],[-79.6351,-1.4929],[-79.6566,-1.4765],[-79.6098,-1.4459],[-79.5997,-1.4496]]]},"properties":{"ciudad":"Vínces","provincia":"Los Ríos"}},
{"type":"Feature","geometry":{"type":"Polygon","coordinates":[[[-78.9431,-3.3414],[-78.9797,-3.3506],[-79.0287,-3.3725],[-79.0434,-3.3973],[-79.0605,-3.4389],[-79.052,-3.4612],[-79.0463,-3.486],[-79.0649,-3.5002],[-79.0668,-3.5132],[-79.0555,-3.5398],[-79.0446,-3.5471],[-79.0556,-3.5716],[-79.0565,-3.6055],[-79.0804,-3.6238],[-79.0953,-3.6254],[-79.1079,-3.6476],[-79.1396,-3.6635],[-79.154,-3.6621],[-79.1592,-3.6773],[-79.1575,-3.7023],[-79.1387,-3.7187],[-79.1083,-3.7336],[-79.1,-3.7876],[-79.0536,-3.7895],[-79.0456,-3.8034],[-79.0096,-3.8057],[-78.9751,-3.8263],[-78.9527,-3.8008],[-78.9152,-3.8037],[-78.8715,-3.7945],[-78.8576,-3.7998],[-78.8337,-3.7877],[-78.8375,-3.7627],[-78.8289,-3.7491],[-78.8272,-3.7217],[-78.8389,-3.6958],[-78.8495,-3.6907],[-78.8502,-3.6533],[-78.8198,-3.6074],[-78.8254,-3.5918],[-78.817,-3.5683],[-78.8203,-3.544],[-78.8316,-3.5494],[-78.8476,-3.5125],[-78.8702,-3.5023],[-78.8661,-3.4897],[-78.8686,-3.4595],[-78.8784,-3.4523],[-78.874,-3.4217],[-78.8815,-3.4014],[-78.8995,-3.3943],[-78.9167,-3.3663],[-78.9316,-3.3596],[-78.9431,-3.3414]]]},"properties":{"ciudad":"Yacuambi","provincia":"Zamora Chinchipe"}},
{"type":"Feature","geometry":{"type":"Polygon","coordinates":[[[-78.6864,-3.8634],[-78.6516,-3.8447],[-78.6168,-3.8842],[-78.5984,-3.8632],[-78.5645,-3.8612],[-78.5297,-3.8698],[-78.4788,-3.8678],[-78.4615,-3.8323],[-78.4215,-3.8016],[-78.4089,-3.7816],[-78.4175,-3.767],[-78.4061,-3.7446],[-78.4177,-3.7162],[-78.5465,-3.7168],[-78.582,-3.7039],[-78.6087,-3.7104],[-78.6175,-3.7196],[-78.641,-3.7191],[-78.6567,-3.6939],[-78.6916,-3.6919],[-78.6921,-3.6583],[-78.6977,-3.623],[-78.6821,-3.5865],[-78.7062,-3.5776],[-78.7164,-3.5651],[-78.7386,-3.5621],[-78.7544,-3.5688],[-78.7952,-3.5458],[-78.8203,-3.544],[-78.817,-3.5683],[-78.8254,-3.5918],[-78.8198,-3.6074],[-78.8502,-3.6533],[-78.8495,-3.6907],[-78.8389,-3.6958],[-78.8272,-3.7217],[-78.8289,-3.7491],[-78.8375,-3.7627],[-78.8337,-3.7877],[-78.8346,-3.8162],[-78.8249,-3.8333],[-78.7922,-3.8689],[-78.7584,-3.8621],[-78.6864,-3.8634]]]},"properties":{"ciudad":"Yantzaza (Yanzatza)","provincia":"Zamora Chinchipe"}},
{"type":"Feature","geometry":{"type":"Polygon","coordinates":[[[-78.8249,-3.8333],[-78.8346,-3.8162],[-78.8337,-3.7877],[-78.8576,-3.7998],[-78.8715,-3.7945],[-78.9152,-3.8037],[-78.9527,-3.8008],[-78.9751,-3.8263],[-79.0096,-3.8057],[-79.0456,-3.8034],[-79.0536,-3.7895],[-79.1,-3.7876],[-79.1083,-3.7336],[-79.1387,-3.7187],[-79.1575,-3.7023],[-79.1622,-3.7153],[-79.1789,-3.7117],[-79.1953,-3.725],[-79.1902,-3.7532],[-79.1793,-3.764],[-79.1736,-3.7972],[-79.161,-3.8144],[-79.1434,-3.8221],[-79.1289,-3.889],[-79.1434,-3.9027],[-79.1522,-3.931],[-79.1396,-3.9498],[-79.1513,-3.9643],[-79.1432,-3.9739],[-79.1458,-4.018],[-79.1364,-4.0351],[-79.1395,-4.0565],[-79.1528,-4.0666],[-79.1623,-4.115],[-79.1587,-4.154],[-79.1346,-4.1614],[-79.1074,-4.1849],[-79.1069,-4.2291],[-79.0844,-4.2321],[-79.0556,-4.2455],[-79.034,-4.2363],[-79.0124,-4.2822],[-78.9946,-4.2975],[-78.9757,-4.2888],[-78.9539,-4.3051],[-78.9435,-4.2884],[-78.9293,-4.2829],[-78.894,-4.249],[-78.8998,-4.2325],[-78.8754,-4.2127],[-78.8743,-4.1969],[-78.8612,-4.1708],[-78.8376,-4.14],[-78.8051,-4.1392],[-78.7801,-4.1338],[-78.7791,-4.1102],[-78.7705,-4.1007],[-78.7711,-4.0636],[-78.7627,-4.0169],[-78.7912,-3.9737],[-78.7816,-3.9445],[-78.7948,-3.9426],[-78.8292,-3.9136],[-78.8408,-3.8892],[-78.8504,-3.8538],[-78.8249,-3.8333]]]},"properties":{"ciudad":"Zamora","provincia":"Zamora Chinchipe"}},
{"type":"Feature","geometry":{"type":"Polygon","coordinates":[[[-80.1774,-4.169],[-80.1967,-4.1345],[-80.1987,-4.1053],[-80.2166,-4.0671],[-80.2327,-4.0641],[-80.2707,-4.0576],[-80.2885,-4.0371],[-80.2958,-4.0161],[-80.3242,-4.011],[-80.3389,-3.9923],[-80.3528,-3.9949],[-80.3688,-3.9826],[-80.3778,-3.9898],[-80.3986,-3.9812],[-80.412,-3.9914],[-80.4302,-3.9894],[-80.4465,-3.9969],[-80.468,-4.0341],[-80.4768,-4.0674],[-80.4863,-4.0829],[-80.4769,-4.1028],[-80.4491,-4.1291],[-80.4491,-4.2089],[-80.4316,-4.1956],[-80.4094,-4.2182],[-80.388,-4.202],[-80.3721,-4.1975],[-80.3535,-4.2209],[-80.3414,-4.2088],[-80.3294,-4.223],[-80.3677,-4.2822],[-80.3975,-4.3018],[-80.4243,-4.3305],[-80.4353,-4.3618],[-80.4534,-4.3827],[-80.4497,-4.4428],[-80.4403,-4.4554],[-80.4196,-4.4601],[-80.3819,-4.4774],[-80.3301,-4.4648],[-80.2915,-4.436],[-80.2956,-4.4256],[-80.285,-4.4081],[-80.2669,-4.4111],[-80.2476,-4.3994],[-80.2161,-4.3539],[-80.1953,-4.3474],[-80.186,-4.3349],[-80.1792,-4.3001],[-80.1562,-4.3043],[-80.1416,-4.2859],[-80.1302,-4.2671],[-80.1204,-4.2672],[-80.1062,-4.2419],[-80.1187,-4.2335],[-80.1483,-4.2385],[-80.1739,-4.2361],[-80.1883,-4.2644],[-80.2076,-4.254],[-80.2322,-4.2283],[-80.2346,-4.2149],[-80.1774,-4.169]]]},"properties":{"ciudad":"Zapotillo","provincia":"Loja"}},
{"type":"Feature","geometry":{"type":"Polygon","coordinates":[[[-79.6528,-3.6416],[-79.6375,-3.667],[-79.6465,-3.6858],[-79.6352,-3.7024],[-79.6052,-3.6963],[-79.5788,-3.6974],[-79.5595,-3.7152],[-79.5158,-3.696],[-79.4846,-3.6913],[-79.4035,-3.6675],[-79.3738,-3.6804],[-79.3734,-3.6801],[-79.3665,-3.6605],[-79.3727,-3.6375],[-79.3926,-3.6121],[-79.4152,-3.6074],[-79.4232,-3.5812],[-79.4313,-3.5796],[-79.4493,-3.6062],[-79.4722,-3.6207],[-79.4871,-3.6381],[-79.4987,-3.6095],[-79.4792,-3.582],[-79.4815,-3.5145],[-79.4592,-3.498],[-79.4422,-3.47],[-79.4295,-3.4641],[-79.422,-3.4434],[-79.4371,-3.4279],[-79.4609,-3.4315],[-79.4745,-3.3978],[-79.461,-3.3462],[-79.4614,-3.3304],[-79.4795,-3.3176],[-79.5156,-3.3074],[-79.5398,-3.3143],[-79.5695,-3.3141],[-79.5805,-3.3245],[-79.5845,-3.3358],[-79.5635,-3.3586],[-79.5491,-3.3644],[-79.5557,-3.3874],[-79.5544,-3.4189],[-79.5445,-3.4335],[-79.5484,-3.456],[-79.5381,-3.4716],[-79.5543,-3.5132],[-79.5389,-3.5331],[-79.5429,-3.5468],[-79.5703,-3.5395],[-79.6008,-3.5408],[-79.6134,-3.5508],[-79.6185,-3.5744],[-79.6486,-3.6198],[-79.6528,-3.6416]]]},"properties":{"ciudad":"Zaruma","provincia":"El Oro"}}
]}